season,through_week,team,rating,rank,offense,defense,points_per_unit,observations
2025,1,north dakota state,28.106,1,0.0949,0.1174,132.41,282
2025,1,ut rio grande valley,24.58,2,0.0851,0.1006,132.41,282
2025,1,tennessee tech,24.454,3,0.0784,0.1063,132.41,282
2025,1,georgetown,22.556,4,0.1249,0.0455,132.41,282
2025,1,temple,22.541,5,0.095,0.0753,132.41,282
2025,1,texas tech,21.619,6,0.1251,0.0382,132.41,282
2025,1,byu,20.873,7,0.0738,0.0839,132.41,282
2025,1,florida,20.752,8,0.0265,0.1303,132.41,282
2025,1,utah,20.109,9,0.1047,0.0471,132.41,282
2025,1,tcu,19.791,10,0.0934,0.0561,132.41,282
2025,1,grambling,19.506,11,0.0448,0.1026,132.41,282
2025,1,tarleton state,18.142,12,0.0526,0.0844,132.41,282
2025,1,usc,17.55,13,0.123,0.0096,132.41,282
2025,1,west virginia,16.222,14,0.0371,0.0854,132.41,282
2025,1,cal poly,15.8,15,0.0902,0.0292,132.41,282
2025,1,austin peay,15.568,16,0.022,0.0956,132.41,282
2025,1,houston christian,15.388,17,0.0278,0.0884,132.41,282
2025,1,west georgia,15.259,18,0.0156,0.0997,132.41,282
2025,1,vanderbilt,15.182,19,0.07,0.0446,132.41,282
2025,1,illinois,14.914,20,0.0634,0.0492,132.41,282
2025,1,georgia tech,14.684,21,0.0857,0.0252,132.41,282
2025,1,oklahoma,14.505,22,0.0392,0.0704,132.41,282
2025,1,wyoming,14.213,23,0.0028,0.1046,132.41,282
2025,1,mississippi state,13.623,24,0.0529,0.05,132.41,282
2025,1,new hampshire,13.51,25,-0.0054,0.1074,132.41,282
2025,1,missouri,12.626,26,0.0733,0.0221,132.41,282
2025,1,ole miss,12.589,27,0.066,0.0291,132.41,282
2025,1,kansas,12.241,28,0.0484,0.0441,132.41,282
2025,1,monmouth,12.154,29,0.1034,-0.0116,132.41,282
2025,1,valparaiso,10.924,30,-0.0004,0.0829,132.41,282
2025,1,towson,10.758,31,0.0176,0.0637,132.41,282
2025,1,north carolina a and t,10.691,32,0.0211,0.0596,132.41,282
2025,1,boston college,10.688,33,0.0346,0.0461,132.41,282
2025,1,uconn,10.593,34,0.0657,0.0143,132.41,282
2025,1,mcneese,10.511,35,0.0531,0.0263,132.41,282
2025,1,william and mary,10.46,36,0.0343,0.0447,132.41,282
2025,1,louisville,10.188,37,0.0344,0.0426,132.41,282
2025,1,navy,9.286,38,0.0648,0.0053,132.41,282
2025,1,southern illinois,8.739,39,0.0052,0.0608,132.41,282
2025,1,oregon,8.552,40,0.0871,-0.0225,132.41,282
2025,1,north texas,8.332,41,0.0054,0.0575,132.41,282
2025,1,san diego state,8.28,42,-0.0215,0.084,132.41,282
2025,1,pittsburgh,8.243,43,0.0214,0.0408,132.41,282
2025,1,webber international,8.048,44,-0.0042,0.065,132.41,282
2025,1,lsu,7.976,45,0.0029,0.0573,132.41,282
2025,1,memphis,7.84,46,0.0424,0.0168,132.41,282
2025,1,old dominion,7.421,47,0.0441,0.012,132.41,282
2025,1,california,7.338,48,0.0217,0.0337,132.41,282
2025,1,auburn,6.867,49,0.0646,-0.0127,132.41,282
2025,1,idaho,6.776,50,-0.0035,0.0547,132.41,282
2025,1,james madison,6.76,51,0.0008,0.0503,132.41,282
2025,1,southern utah,6.757,52,0.0404,0.0106,132.41,282
2025,1,uc davis,6.643,53,0.0021,0.0481,132.41,282
2025,1,new haven,6.594,54,-0.0094,0.0592,132.41,282
2025,1,virginia,6.577,55,0.0192,0.0305,132.41,282
2025,1,hampton,6.322,56,0.0256,0.0221,132.41,282
2025,1,presbyterian,6.23,57,0.0137,0.0334,132.41,282
2025,1,central michigan,6.205,58,0.0132,0.0337,132.41,282
2025,1,rice,6.151,59,-0.0109,0.0573,132.41,282
2025,1,arizona state,6.101,60,0.046,0.0001,132.41,282
2025,1,florida international,6.076,61,0.0368,0.0091,132.41,282
2025,1,stonehill,6.033,62,-0.0045,0.0501,132.41,282
2025,1,purdue,5.75,63,0.0262,0.0172,132.41,282
2025,1,georgia,5.678,64,0.0197,0.0231,132.41,282
2025,1,tennessee,5.591,65,0.0633,-0.0211,132.41,282
2025,1,ul monroe,5.501,66,-0.0009,0.0424,132.41,282
2025,1,iowa state,5.463,67,0.0296,0.0117,132.41,282
2025,1,alcorn state,5.39,68,-0.0374,0.0781,132.41,282
2025,1,air force,5.387,69,0.0568,-0.0161,132.41,282
2025,1,penn state,5.254,70,0.0217,0.018,132.41,282
2025,1,notre dame,5.13,71,0.0326,0.0061,132.41,282
2025,1,drake,4.938,72,0.015,0.0223,132.41,282
2025,1,tulsa,4.765,73,0.0122,0.0238,132.41,282
2025,1,app state,4.607,74,0.0215,0.0133,132.41,282
2025,1,texas,4.52,75,-0.0277,0.0618,132.41,282
2025,1,east tennessee state,4.442,76,0.0339,-0.0003,132.41,282
2025,1,western kentucky,4.235,77,0.0038,0.0281,132.41,282
2025,1,mercyhurst,4.078,78,0.0194,0.0114,132.41,282
2025,1,chadron state,3.922,79,0.0006,0.029,132.41,282
2025,1,iowa,3.72,80,0.004,0.0241,132.41,282
2025,1,south dakota state,3.583,81,-0.049,0.0761,132.41,282
2025,1,merrimack,3.531,82,-0.0067,0.0333,132.41,282
2025,1,wisconsin,3.424,83,-0.0282,0.054,132.41,282
2025,1,east carolina,3.402,84,0.0134,0.0123,132.41,282
2025,1,south carolina,3.304,85,-0.0063,0.0313,132.41,282
2025,1,gardner webb,3.217,86,0.0436,-0.0193,132.41,282
2025,1,utep,3.112,87,-0.0048,0.0283,132.41,282
2025,1,kennesaw state,3.021,88,-0.0138,0.0366,132.41,282
2025,1,alabama state,2.996,89,0.1184,-0.0958,132.41,282
2025,1,stanford,2.898,90,-0.0069,0.0288,132.41,282
2025,1,allen,2.812,91,0.0624,-0.0412,132.41,282
2025,1,smu,2.7,92,-0.0095,0.0299,132.41,282
2025,1,maine,2.663,93,0.0065,0.0136,132.41,282
2025,1,arkansas,2.529,94,0.0265,-0.0074,132.41,282
2025,1,prairie view a and m,2.389,95,0.0126,0.0055,132.41,282
2025,1,duke,2.359,96,0.0488,-0.031,132.41,282
2025,1,michigan,2.339,97,0.0092,0.0085,132.41,282
2025,1,eastern washington,1.509,98,0.0258,-0.0144,132.41,282
2025,1,dayton,1.272,99,-0.0125,0.0221,132.41,282
2025,1,texas state,1.229,100,0.0865,-0.0772,132.41,282
2025,1,ohio,1.22,101,0.035,-0.0258,132.41,282
2025,1,bryant,1.129,102,-0.0533,0.0618,132.41,282
2025,1,utsa,1.113,103,0.0301,-0.0217,132.41,282
2025,1,fresno state,1.087,104,0.0385,-0.0303,132.41,282
2025,1,houston,0.888,105,-0.0737,0.0804,132.41,282
2025,1,lafayette,0.796,106,-0.0549,0.0609,132.41,282
2025,1,north dakota,0.789,107,0.0318,-0.0259,132.41,282
2025,1,ut martin,0.704,108,-0.0132,0.0185,132.41,282
2025,1,michigan state,0.647,109,-0.046,0.0509,132.41,282
2025,1,unlv,0.594,110,0.0439,-0.0394,132.41,282
2025,1,campbell,0.393,111,-0.0154,0.0183,132.41,282
2025,1,alabama,0.382,112,0.0072,-0.0043,132.41,282
2025,1,troy,0.356,113,0.0337,-0.031,132.41,282
2025,1,jacksonville state,0.344,114,0.0021,0.0005,132.41,282
2025,1,toledo,0.327,115,-0.0152,0.0177,132.41,282
2025,1,southern,0.222,116,0.0197,-0.018,132.41,282
2025,1,lindenwood,0.096,117,0.0378,-0.0371,132.41,282
2025,1,minnesota,0.082,118,-0.0146,0.0153,132.41,282
2025,1,northern iowa,0.031,119,0.0422,-0.042,132.41,282
2025,1,cincinnati,-0.024,120,0.0199,-0.02,132.41,282
2025,1,richmond,-0.077,121,-0.0268,0.0262,132.41,282
2025,1,southeast missouri state,-0.17,122,0.0298,-0.0311,132.41,282
2025,1,idaho state,-0.229,123,0.0342,-0.0359,132.41,282
2025,1,wofford,-0.694,124,-0.0498,0.0445,132.41,282
2025,1,arizona,-0.711,125,-0.0091,0.0038,132.41,282
2025,1,kansas state,-0.732,126,-0.0023,-0.0032,132.41,282
2025,1,se louisiana,-1.018,127,-0.0534,0.0457,132.41,282
2025,1,florida atlantic,-1.031,128,-0.0634,0.0556,132.41,282
2025,1,holy cross,-1.125,129,-0.057,0.0485,132.41,282
2025,1,south florida,-1.41,130,-0.01,-0.0006,132.41,282
2025,1,colorado state,-1.495,131,0.022,-0.0333,132.41,282
2025,1,mckendree,-1.569,132,-0.0093,-0.0025,132.41,282
2025,1,delaware state,-1.591,133,0.024,-0.036,132.41,282
2025,1,morgan state,-1.733,134,0.0196,-0.0327,132.41,282
2025,1,florida a and m,-1.757,135,-0.057,0.0438,132.41,282
2025,1,tulane,-2.105,136,-0.0307,0.0148,132.41,282
2025,1,northwestern,-2.254,137,-0.0312,0.0142,132.41,282
2025,1,howard,-2.601,138,-0.0602,0.0406,132.41,282
2025,1,south alabama,-2.625,139,0.0162,-0.0361,132.41,282
2025,1,delaware,-2.768,140,0.0195,-0.0404,132.41,282
2025,1,indiana state,-2.789,141,-0.014,-0.0071,132.41,282
2025,1,washington,-2.863,142,0.0168,-0.0384,132.41,282
2025,1,boise state,-2.949,143,-0.0159,-0.0064,132.41,282
2025,1,northern illinois,-3.234,144,-0.065,0.0405,132.41,282
2025,1,maryland,-3.328,145,-0.0721,0.0469,132.41,282
2025,1,louisiana tech,-3.341,146,-0.0622,0.037,132.41,282
2025,1,south carolina state,-3.664,147,-0.061,0.0333,132.41,282
2025,1,arkansas state,-4.189,148,0.0146,-0.0463,132.41,282
2025,1,lehigh,-4.282,149,-0.0426,0.0103,132.41,282
2025,1,nebraska,-4.335,150,0.0036,-0.0363,132.41,282
2025,1,butler,-4.39,151,0.0255,-0.0587,132.41,282
2025,1,buffalo,-4.441,152,-0.0317,-0.0018,132.41,282
2025,1,state thomas mn,-4.455,153,0.0206,-0.0543,132.41,282
2025,1,nicholls,-4.472,154,-0.0748,0.041,132.41,282
2025,1,kentucky,-4.686,155,-0.0341,-0.0013,132.41,282
2025,1,ucf,-4.703,156,-0.017,-0.0185,132.41,282
2025,1,florida state,-4.74,157,-0.0121,-0.0237,132.41,282
2025,1,rhode island,-4.751,158,-0.0348,-0.0011,132.41,282
2025,1,western michigan,-5.006,159,-0.0673,0.0295,132.41,282
2025,1,oklahoma state,-5.063,160,-0.035,-0.0033,132.41,282
2025,1,bowling green,-5.155,161,-0.0774,0.0384,132.41,282
2025,1,stephen f austin,-5.247,162,-0.0968,0.0572,132.41,282
2025,1,texas a and m,-5.472,163,0.0052,-0.0465,132.41,282
2025,1,new mexico state,-5.488,164,-0.0783,0.0368,132.41,282
2025,1,rutgers,-5.579,165,0.0093,-0.0515,132.41,282
2025,1,eastern michigan,-5.587,166,0.0607,-0.1029,132.41,282
2025,1,georgia southern,-5.589,167,0.0071,-0.0494,132.41,282
2025,1,eastern illinois,-5.631,168,-0.0386,-0.004,132.41,282
2025,1,incarnate word,-6.111,169,-0.0932,0.047,132.41,282
2025,1,sam houston,-6.135,170,-0.0258,-0.0206,132.41,282
2025,1,army,-6.555,171,-0.0297,-0.0198,132.41,282
2025,1,new mexico,-6.698,172,-0.025,-0.0256,132.41,282
2025,1,elon,-6.718,173,0.0145,-0.0652,132.41,282
2025,1,texas southern,-6.748,174,-0.0219,-0.029,132.41,282
2025,1,alabama a and m,-6.888,175,-0.0091,-0.0429,132.41,282
2025,1,liberty,-7.022,176,-0.0301,-0.023,132.41,282
2025,1,east texas a and m,-7.059,177,-0.0464,-0.0069,132.41,282
2025,1,morehead state,-7.171,178,0.0247,-0.0789,132.41,282
2025,1,north carolina central,-7.272,179,-0.0246,-0.0303,132.41,282
2025,1,uab,-7.355,180,0.0793,-0.1349,132.41,282
2025,1,wake forest,-7.379,181,-0.053,-0.0027,132.41,282
2025,1,utah state,-7.471,182,-0.0447,-0.0117,132.41,282
2025,1,western carolina,-7.576,183,0.0028,-0.06,132.41,282
2025,1,virginia tech,-7.663,184,-0.0477,-0.0101,132.41,282
2025,1,nc state,-7.761,185,-0.0288,-0.0298,132.41,282
2025,1,miami oh,-7.782,186,-0.0705,0.0117,132.41,282
2025,1,kent state,-7.89,187,-0.0498,-0.0098,132.41,282
2025,1,sacramento state,-7.942,188,-0.0925,0.0326,132.41,282
2025,1,ualbany,-8.079,189,-0.0405,-0.0205,132.41,282
2025,1,northern colorado,-8.281,190,-0.0454,-0.0171,132.41,282
2025,1,youngstown state,-8.437,191,-0.0279,-0.0358,132.41,282
2025,1,hawaii,-8.725,192,-0.0538,-0.0121,132.41,282
2025,1,murray state,-8.801,193,-0.0162,-0.0503,132.41,282
2025,1,ohio state,-8.879,194,-0.0783,0.0112,132.41,282
2025,1,charlotte,-8.965,195,-0.0298,-0.038,132.41,282
2025,1,abilene christian,-9.124,196,-0.0402,-0.0287,132.41,282
2025,1,upper iowa,-9.297,197,-0.0387,-0.0315,132.41,282
2025,1,miami,-9.489,198,-0.0226,-0.0491,132.41,282
2025,1,nevada,-9.612,199,-0.0344,-0.0382,132.41,282
2025,1,bucknell,-9.746,200,-0.0003,-0.0733,132.41,282
2025,1,northwestern state,-9.749,201,-0.0945,0.0209,132.41,282
2025,1,saint francis,-9.86,202,-0.0589,-0.0156,132.41,282
2025,1,syracuse,-9.95,203,0.0046,-0.0797,132.41,282
2025,1,marshall,-10.037,204,-0.0396,-0.0362,132.41,282
2025,1,ball state,-10.109,205,-0.0337,-0.0427,132.41,282
2025,1,sacred heart,-10.392,206,-0.0665,-0.012,132.41,282
2025,1,bethune cookman,-10.434,207,-0.0255,-0.0533,132.41,282
2025,1,northern arizona,-10.46,208,-0.0165,-0.0625,132.41,282
2025,1,louisiana,-10.51,209,-0.0738,-0.0056,132.41,282
2025,1,san jose state,-10.564,210,-0.0501,-0.0297,132.41,282
2025,1,mercer,-10.589,211,-0.0498,-0.0301,132.41,282
2025,1,jackson state,-10.681,212,-0.0386,-0.0421,132.41,282
2025,1,coastal carolina,-10.936,213,-0.0469,-0.0357,132.41,282
2025,1,marist,-10.953,214,-0.0757,-0.0071,132.41,282
2025,1,utah tech,-11.002,215,-0.0646,-0.0185,132.41,282
2025,1,weber state,-11.118,216,-0.0667,-0.0172,132.41,282
2025,1,washington state,-11.135,217,-0.0712,-0.0129,132.41,282
2025,1,baylor,-11.226,218,-0.0038,-0.081,132.41,282
2025,1,oregon state,-11.697,219,-0.0501,-0.0382,132.41,282
2025,1,indiana,-11.78,220,-0.0284,-0.0606,132.41,282
2025,1,chattanooga,-12.199,221,-0.0333,-0.0588,132.41,282
2025,1,clemson,-12.335,222,-0.0738,-0.0194,132.41,282
2025,1,stetson,-12.407,223,-0.0814,-0.0123,132.41,282
2025,1,duquesne,-12.602,224,-0.0573,-0.0379,132.41,282
2025,1,stony brook,-12.639,225,-0.1005,0.005,132.41,282
2025,1,lamar,-12.691,226,-0.074,-0.0219,132.41,282
2025,1,montana state,-12.911,227,0.0061,-0.1036,132.41,282
2025,1,thomas more,-13.097,228,-0.0773,-0.0216,132.41,282
2025,1,vmi,-13.645,229,-0.0218,-0.0813,132.41,282
2025,1,south dakota,-14.237,230,-0.0164,-0.0911,132.41,282
2025,1,eastern kentucky,-14.547,231,-0.059,-0.0508,132.41,282
2025,1,furman,-14.819,232,-0.0611,-0.0508,132.41,282
2025,1,louisiana christian,-14.87,233,-0.0428,-0.0695,132.41,282
2025,1,central connecticut,-14.952,234,-0.0308,-0.0822,132.41,282
2025,1,fordham,-15.047,235,-0.0625,-0.0511,132.41,282
2025,1,tennessee state,-15.05,236,-0.0761,-0.0376,132.41,282
2025,1,norfolk state,-15.117,237,-0.0801,-0.034,132.41,282
2025,1,mississippi valley state,-15.178,238,-0.0977,-0.017,132.41,282
2025,1,virginia lynchburg,-15.283,239,-0.0993,-0.0161,132.41,282
2025,1,wagner,-16.457,240,-0.0661,-0.0582,132.41,282
2025,1,colgate,-16.513,241,-0.0048,-0.1199,132.41,282
2025,1,georgia state,-16.948,242,-0.0455,-0.0825,132.41,282
2025,1,central arkansas,-16.985,243,-0.0386,-0.0897,132.41,282
2025,1,southern miss,-17.982,244,-0.0665,-0.0693,132.41,282
2025,1,north alabama,-18.299,245,-0.0572,-0.081,132.41,282
2025,1,akron,-18.572,246,-0.121,-0.0192,132.41,282
2025,1,illinois state,-18.864,247,-0.0868,-0.0556,132.41,282
2025,1,colorado,-19.043,248,-0.0416,-0.1022,132.41,282
2025,1,western illinois,-19.273,249,-0.0657,-0.0799,132.41,282
2025,1,charleston southern,-19.541,250,-0.0611,-0.0865,132.41,282
2025,1,samford,-19.618,251,-0.1161,-0.032,132.41,282
2025,1,arkansas baptist,-19.747,252,-0.1048,-0.0443,132.41,282
2025,1,middle tennessee,-19.926,253,-0.112,-0.0385,132.41,282
2025,1,san diego,-20.159,254,-0.0456,-0.1066,132.41,282
2025,1,robert morris,-20.581,255,-0.1019,-0.0535,132.41,282
2025,1,missouri state,-21.909,256,-0.026,-0.1394,132.41,282
2025,1,langston,-23.865,257,-0.119,-0.0612,132.41,282
2025,1,north carolina,-24.15,258,-0.0726,-0.1098,132.41,282
2025,1,ucla,-24.468,259,-0.0636,-0.1212,132.41,282
2025,1,long island university,-25.111,260,-0.1467,-0.0429,132.41,282
2025,1,arkansas pine bluff,-25.978,261,-0.0546,-0.1416,132.41,282
2025,1,massachusetts,-26.9,262,-0.0917,-0.1114,132.41,282
2025,1,davidson,-26.915,263,-0.0619,-0.1414,132.41,282
2025,1,cumberland tn,-28.813,264,-0.1228,-0.0948,132.41,282
2025,1,sul ross state,-28.939,265,-0.117,-0.1015,132.41,282
2025,1,the citadel,-32.464,266,-0.1339,-0.1113,132.41,282
2025,1,portland state,-41.177,267,-0.1715,-0.1395,132.41,282
2025,2,utah,31.415,1,0.1409,0.1165,122.02,516
2025,2,north dakota state,31.393,2,0.0964,0.1609,122.02,516
2025,2,usc,27.154,3,0.209,0.0136,122.02,516
2025,2,temple,25.582,4,0.143,0.0667,122.02,516
2025,2,vanderbilt,25.496,5,0.1822,0.0268,122.02,516
2025,2,oregon,22.401,6,0.1471,0.0364,122.02,516
2025,2,west georgia,21.582,7,0.0295,0.1474,122.02,516
2025,2,ut rio grande valley,21.13,8,0.074,0.0991,122.02,516
2025,2,tennessee tech,21.014,9,0.0673,0.1049,122.02,516
2025,2,texas tech,20.73,10,0.1091,0.0607,122.02,516
2025,2,minnesota,20.366,11,0.0411,0.1259,122.02,516
2025,2,tcu,20.054,12,0.1065,0.0578,122.02,516
2025,2,arkansas,19.061,13,0.1175,0.0387,122.02,516
2025,2,tarleton state,18.569,14,0.0491,0.1031,122.02,516
2025,2,alabama,17.535,15,0.096,0.0477,122.02,516
2025,2,auburn,16.695,16,0.0732,0.0636,122.02,516
2025,2,illinois,16.488,17,0.0802,0.0549,122.02,516
2025,2,ole miss,16.42,18,0.0798,0.0548,122.02,516
2025,2,old dominion,15.972,19,0.0602,0.0707,122.02,516
2025,2,monmouth,15.628,20,0.0943,0.0338,122.02,516
2025,2,ohio state,15.59,21,0.0519,0.0758,122.02,516
2025,2,north texas,15.589,22,0.0476,0.0802,122.02,516
2025,2,boston college,15.441,23,0.0816,0.0449,122.02,516
2025,2,byu,15.384,24,0.029,0.0971,122.02,516
2025,2,florida state,14.984,25,0.0938,0.029,122.02,516
2025,2,pittsburgh,14.656,26,0.0671,0.053,122.02,516
2025,2,houston christian,14.477,27,-0.0263,0.145,122.02,516
2025,2,uconn,12.773,28,0.072,0.0326,122.02,516
2025,2,east carolina,12.67,29,0.0299,0.0739,122.02,516
2025,2,oklahoma,12.589,30,0.0285,0.0747,122.02,516
2025,2,tennessee,12.329,31,0.0954,0.0057,122.02,516
2025,2,florida,12.171,32,-0.0022,0.102,122.02,516
2025,2,georgia tech,12.079,33,0.074,0.025,122.02,516
2025,2,kansas,12.038,34,0.0552,0.0435,122.02,516
2025,2,lafayette,11.838,35,0.0225,0.0745,122.02,516
2025,2,missouri,11.739,36,0.0788,0.0174,122.02,516
2025,2,houston,11.559,37,-0.041,0.1358,122.02,516
2025,2,towson,10.89,38,0.0278,0.0614,122.02,516
2025,2,west virginia,10.816,39,-0.0252,0.1138,122.02,516
2025,2,california,10.498,40,-0.0138,0.0999,122.02,516
2025,2,south florida,10.297,41,0.0376,0.0468,122.02,516
2025,2,wyoming,10.176,42,-0.0355,0.1189,122.02,516
2025,2,georgia,10.04,43,0.0398,0.0425,122.02,516
2025,2,adrian,10.004,44,0.0094,0.0725,122.02,516
2025,2,maine,9.475,45,0.0346,0.0431,122.02,516
2025,2,memphis,9.248,46,0.0609,0.0149,122.02,516
2025,2,washington,8.843,47,0.102,-0.0296,122.02,516
2025,2,southern illinois,8.785,48,0.0319,0.0401,122.02,516
2025,2,navy,8.079,49,0.0961,-0.0299,122.02,516
2025,2,richmond,7.985,50,-0.0286,0.0941,122.02,516
2025,2,alabama state,7.87,51,0.0863,-0.0218,122.02,516
2025,2,texas,7.76,52,-0.0385,0.1021,122.02,516
2025,2,james madison,7.688,53,-0.0261,0.0891,122.02,516
2025,2,nebraska,7.539,54,0.0526,0.0092,122.02,516
2025,2,arizona state,7.155,55,0.0311,0.0275,122.02,516
2025,2,iowa,7.145,56,-0.014,0.0725,122.02,516
2025,2,notre dame,7.102,57,0.0385,0.0197,122.02,516
2025,2,webber international,6.887,58,-0.0187,0.0751,122.02,516
2025,2,southern utah,6.822,59,0.0531,0.0028,122.02,516
2025,2,ucf,6.31,60,0.0361,0.0156,122.02,516
2025,2,air force,5.96,61,0.0536,-0.0048,122.02,516
2025,2,boise state,5.945,62,0.023,0.0257,122.02,516
2025,2,presbyterian,5.74,63,0.0176,0.0294,122.02,516
2025,2,virginia,5.538,64,0.0674,-0.022,122.02,516
2025,2,mississippi state,5.027,65,0.0104,0.0308,122.02,516
2025,2,miami,4.961,66,0.026,0.0147,122.02,516
2025,2,holy cross,4.765,67,-0.0378,0.0768,122.02,516
2025,2,stanford,4.678,68,-0.0242,0.0625,122.02,516
2025,2,liberty,4.407,69,0.04,-0.0038,122.02,516
2025,2,se louisiana,4.271,70,-0.0096,0.0446,122.02,516
2025,2,arizona,4.151,71,-0.0009,0.0349,122.02,516
2025,2,georgetown,4.022,72,0.0506,-0.0176,122.02,516
2025,2,elizabeth city state,3.904,73,0.0304,0.0016,122.02,516
2025,2,toledo,3.432,74,0.0036,0.0245,122.02,516
2025,2,south dakota state,3.414,75,-0.0538,0.0818,122.02,516
2025,2,tulsa,3.39,76,0.0019,0.0259,122.02,516
2025,2,buffalo,3.316,77,0.0076,0.0196,122.02,516
2025,2,drake,3.03,78,0.004,0.0208,122.02,516
2025,2,lsu,3.013,79,-0.0266,0.0512,122.02,516
2025,2,mcneese,2.805,80,0.0136,0.0094,122.02,516
2025,2,northern illinois,2.755,81,-0.0443,0.0669,122.02,516
2025,2,san diego state,2.547,82,-0.0392,0.0601,122.02,516
2025,2,michigan,2.236,83,0.0034,0.015,122.02,516
2025,2,austin peay,2.082,84,-0.0429,0.0599,122.02,516
2025,2,cincinnati,2.02,85,0.0542,-0.0376,122.02,516
2025,2,indiana,1.964,86,0.0534,-0.0373,122.02,516
2025,2,louisville,1.928,87,-0.0153,0.0311,122.02,516
2025,2,penn state,1.527,88,-0.0073,0.0198,122.02,516
2025,2,mercyhurst,1.057,89,0.0035,0.0052,122.02,516
2025,2,new haven,0.86,90,-0.0381,0.0451,122.02,516
2025,2,chadron state,0.751,91,-0.0105,0.0166,122.02,516
2025,2,colorado state,0.687,92,-0.0032,0.0089,122.02,516
2025,2,tulane,0.66,93,-0.0041,0.0095,122.02,516
2025,2,new hampshire,0.335,94,-0.0596,0.0624,122.02,516
2025,2,wisconsin,0.055,95,-0.0213,0.0218,122.02,516
2025,2,ualbany,-0.028,96,0.018,-0.0182,122.02,516
2025,2,iowa state,-0.126,97,-0.0121,0.0111,122.02,516
2025,2,william and mary,-0.248,98,0.002,-0.0041,122.02,516
2025,2,utep,-0.289,99,-0.0001,-0.0022,122.02,516
2025,2,texas state,-0.39,100,0.0712,-0.0743,122.02,516
2025,2,merrimack,-0.537,101,-0.0219,0.0175,122.02,516
2025,2,app state,-0.662,102,-0.0193,0.0138,122.02,516
2025,2,dayton,-0.738,103,-0.0252,0.0192,122.02,516
2025,2,idaho,-0.779,104,-0.0079,0.0015,122.02,516
2025,2,florida international,-0.837,105,-0.0036,-0.0033,122.02,516
2025,2,army,-0.908,106,-0.0136,0.0061,122.02,516
2025,2,western kentucky,-1.133,107,-0.0017,-0.0076,122.02,516
2025,2,louisiana tech,-1.156,108,-0.0784,0.0689,122.02,516
2025,2,ohio,-1.203,109,-0.0333,0.0235,122.02,516
2025,2,bowling green,-1.273,110,-0.0472,0.0368,122.02,516
2025,2,rhode island,-1.331,111,-0.0174,0.0065,122.02,516
2025,2,florida atlantic,-1.352,112,-0.0252,0.0142,122.02,516
2025,2,duke,-1.498,113,0.0514,-0.0636,122.02,516
2025,2,state thomas mn,-1.643,114,0.0675,-0.081,122.02,516
2025,2,troy,-1.668,115,0.0107,-0.0244,122.02,516
2025,2,baylor,-1.674,116,0.0613,-0.075,122.02,516
2025,2,cal poly,-1.758,117,0.0107,-0.0251,122.02,516
2025,2,lehigh,-1.882,118,-0.029,0.0136,122.02,516
2025,2,valparaiso,-2.046,119,-0.0736,0.0569,122.02,516
2025,2,stephen f austin,-2.188,120,-0.0912,0.0732,122.02,516
2025,2,purdue,-2.365,121,0.0251,-0.0445,122.02,516
2025,2,prairie view a and m,-2.475,122,0.002,-0.0223,122.02,516
2025,2,hampton,-2.716,123,0.0048,-0.0271,122.02,516
2025,2,lindenwood,-2.813,124,-0.0162,-0.0069,122.02,516
2025,2,idaho state,-2.927,125,-0.0061,-0.0178,122.02,516
2025,2,alabama a and m,-2.964,126,-0.0091,-0.0152,122.02,516
2025,2,allen,-3.017,127,0.0401,-0.0648,122.02,516
2025,2,central michigan,-3.06,128,-0.0017,-0.0234,122.02,516
2025,2,fresno state,-3.59,129,0.0133,-0.0427,122.02,516
2025,2,gardner webb,-3.614,130,0.0145,-0.0442,122.02,516
2025,2,nc state,-4.025,131,0.0231,-0.0561,122.02,516
2025,2,indiana state,-4.091,132,-0.025,-0.0085,122.02,516
2025,2,bucknell,-4.132,133,0.0222,-0.056,122.02,516
2025,2,mckendree,-4.147,134,-0.0252,-0.0088,122.02,516
2025,2,northwestern,-4.194,135,-0.0443,0.0099,122.02,516
2025,2,uab,-4.226,136,0.1274,-0.162,122.02,516
2025,2,texas a and m,-4.254,137,0.003,-0.0379,122.02,516
2025,2,miami oh,-4.43,138,-0.0362,-0.0001,122.02,516
2025,2,alcorn state,-4.649,139,-0.0748,0.0367,122.02,516
2025,2,south carolina,-4.692,140,-0.0683,0.0299,122.02,516
2025,2,delaware,-4.732,141,-0.0036,-0.0352,122.02,516
2025,2,elon,-4.761,142,-0.0168,-0.0222,122.02,516
2025,2,sacramento state,-5.119,143,-0.087,0.045,122.02,516
2025,2,utsa,-5.405,144,-0.0011,-0.0432,122.02,516
2025,2,northern iowa,-5.869,145,-0.0019,-0.0462,122.02,516
2025,2,bryant,-6.115,146,-0.0797,0.0296,122.02,516
2025,2,wagner,-6.222,147,-0.0461,-0.0049,122.02,516
2025,2,stetson,-6.443,148,-0.0433,-0.0095,122.02,516
2025,2,eastern illinois,-6.446,149,-0.0485,-0.0043,122.02,516
2025,2,unlv,-6.489,150,0.0342,-0.0874,122.02,516
2025,2,missouri state,-6.703,151,0.0029,-0.0578,122.02,516
2025,2,wake forest,-6.809,152,-0.0804,0.0246,122.02,516
2025,2,duquesne,-6.911,153,-0.0469,-0.0097,122.02,516
2025,2,rice,-7.034,154,-0.0731,0.0154,122.02,516
2025,2,virginia state,-7.072,155,-0.0402,-0.0177,122.02,516
2025,2,sam houston,-7.118,156,-0.059,0.0007,122.02,516
2025,2,jacksonville state,-7.487,157,-0.0079,-0.0535,122.02,516
2025,2,vmi,-7.742,158,-0.0421,-0.0213,122.02,516
2025,2,south carolina state,-7.744,159,-0.08,0.0166,122.02,516
2025,2,uc davis,-7.823,160,-0.0285,-0.0356,122.02,516
2025,2,coastal carolina,-8.081,161,-0.095,0.0288,122.02,516
2025,2,butler,-8.205,162,0.0087,-0.0759,122.02,516
2025,2,maryland,-8.242,163,-0.1109,0.0433,122.02,516
2025,2,ut martin,-8.275,164,-0.0342,-0.0336,122.02,516
2025,2,morgan state,-8.709,165,-0.0123,-0.0591,122.02,516
2025,2,oregon state,-8.798,166,-0.0164,-0.0557,122.02,516
2025,2,new mexico state,-8.945,167,-0.1037,0.0304,122.02,516
2025,2,montana state,-9.251,168,0.0103,-0.0861,122.02,516
2025,2,youngstown state,-9.295,169,-0.0389,-0.0373,122.02,516
2025,2,south alabama,-9.335,170,0.0033,-0.0798,122.02,516
2025,2,central connecticut,-9.378,171,-0.0453,-0.0316,122.02,516
2025,2,northern colorado,-9.637,172,-0.0748,-0.0042,122.02,516
2025,2,florida a and m,-9.733,173,-0.0615,-0.0182,122.02,516
2025,2,louisiana,-9.775,174,-0.0829,0.0028,122.02,516
2025,2,kennesaw state,-9.808,175,-0.034,-0.0463,122.02,516
2025,2,new mexico,-9.845,176,-0.0626,-0.0181,122.02,516
2025,2,eastern washington,-9.919,177,-0.0148,-0.0665,122.02,516
2025,2,kansas state,-9.944,178,-0.0433,-0.0382,122.02,516
2025,2,east tennessee state,-10.063,179,-0.0332,-0.0492,122.02,516
2025,2,north carolina,-10.226,180,-0.0597,-0.0241,122.02,516
2025,2,grambling,-10.229,181,-0.0411,-0.0428,122.02,516
2025,2,syracuse,-10.347,182,-0.018,-0.0668,122.02,516
2025,2,mercer,-10.379,183,-0.0601,-0.025,122.02,516
2025,2,kentucky,-10.58,184,-0.0648,-0.022,122.02,516
2025,2,hawaii,-10.591,185,-0.0737,-0.0131,122.02,516
2025,2,southern,-10.701,186,-0.0579,-0.0298,122.02,516
2025,2,stonehill,-10.798,187,-0.0272,-0.0613,122.02,516
2025,2,lincoln pa,-10.932,188,-0.0465,-0.0431,122.02,516
2025,2,smu,-10.94,189,-0.0563,-0.0333,122.02,516
2025,2,san jose state,-11.146,190,-0.0775,-0.0138,122.02,516
2025,2,utah tech,-11.149,191,-0.0675,-0.0238,122.02,516
2025,2,north carolina a and t,-11.18,192,-0.0383,-0.0533,122.02,516
2025,2,lamar,-11.252,193,-0.0818,-0.0104,122.02,516
2025,2,upper iowa,-11.268,194,-0.0546,-0.0377,122.02,516
2025,2,campbell,-11.502,195,-0.0751,-0.0191,122.02,516
2025,2,ucla,-11.505,196,-0.0016,-0.0926,122.02,516
2025,2,howard,-11.963,197,-0.0839,-0.0142,122.02,516
2025,2,incarnate word,-12.004,198,-0.1262,0.0278,122.02,516
2025,2,ul monroe,-12.058,199,-0.0404,-0.0584,122.02,516
2025,2,kent state,-12.061,200,-0.0894,-0.0094,122.02,516
2025,2,illinois state,-12.081,201,-0.0835,-0.0155,122.02,516
2025,2,utah state,-12.109,202,-0.0791,-0.0202,122.02,516
2025,2,abilene christian,-12.196,203,-0.0627,-0.0373,122.02,516
2025,2,norfolk state,-12.257,204,-0.085,-0.0155,122.02,516
2025,2,american international,-12.506,205,-0.0999,-0.0026,122.02,516
2025,2,rutgers,-12.506,206,0.0283,-0.1308,122.02,516
2025,2,washington state,-12.597,207,-0.0858,-0.0175,122.02,516
2025,2,delaware state,-12.758,208,-0.0006,-0.104,122.02,516
2025,2,chattanooga,-12.76,209,-0.0493,-0.0552,122.02,516
2025,2,warner,-12.801,210,-0.0289,-0.076,122.02,516
2025,2,jackson state,-12.84,211,-0.0709,-0.0343,122.02,516
2025,2,michigan state,-13.557,212,-0.0922,-0.0189,122.02,516
2025,2,texas southern,-13.666,213,-0.0977,-0.0143,122.02,516
2025,2,north alabama,-13.802,214,-0.078,-0.0351,122.02,516
2025,2,wofford,-13.85,215,-0.1367,0.0231,122.02,516
2025,2,north dakota,-13.918,216,-0.0345,-0.0796,122.02,516
2025,2,nicholls,-14.083,217,-0.1264,0.0109,122.02,516
2025,2,long island university,-14.151,218,-0.1056,-0.0104,122.02,516
2025,2,colgate,-14.361,219,0.0013,-0.119,122.02,516
2025,2,western carolina,-14.604,220,-0.0446,-0.0751,122.02,516
2025,2,thomas more,-14.722,221,-0.1026,-0.0181,122.02,516
2025,2,ferrum,-14.896,222,-0.1015,-0.0206,122.02,516
2025,2,central arkansas,-15.301,223,-0.0472,-0.0782,122.02,516
2025,2,clemson,-15.378,224,-0.1047,-0.0213,122.02,516
2025,2,northern arizona,-15.58,225,-0.0238,-0.1039,122.02,516
2025,2,sacred heart,-15.65,226,-0.1126,-0.0157,122.02,516
2025,2,georgia southern,-15.981,227,-0.0029,-0.1281,122.02,516
2025,2,samford,-16.192,228,-0.1092,-0.0235,122.02,516
2025,2,nevada,-16.512,229,-0.0659,-0.0694,122.02,516
2025,2,southeast missouri state,-16.74,230,-0.0767,-0.0605,122.02,516
2025,2,morehead state,-16.854,231,-0.0384,-0.0997,122.02,516
2025,2,south dakota,-17.034,232,-0.032,-0.1076,122.02,516
2025,2,louisiana christian,-18.19,233,-0.0638,-0.0853,122.02,516
2025,2,north carolina central,-18.213,234,-0.0744,-0.0749,122.02,516
2025,2,weber state,-18.23,235,-0.1031,-0.0464,122.02,516
2025,2,western illinois,-18.251,236,-0.0687,-0.0809,122.02,516
2025,2,marist,-19.163,237,-0.1102,-0.0468,122.02,516
2025,2,georgia state,-19.356,238,-0.0519,-0.1067,122.02,516
2025,2,middle tennessee,-19.677,239,-0.0853,-0.076,122.02,516
2025,2,eastern kentucky,-19.701,240,-0.1298,-0.0316,122.02,516
2025,2,saint francis,-19.828,241,-0.1133,-0.0492,122.02,516
2025,2,western michigan,-19.908,242,-0.1274,-0.0357,122.02,516
2025,2,furman,-19.972,243,-0.0884,-0.0753,122.02,516
2025,2,massachusetts,-20.139,244,-0.0824,-0.0827,122.02,516
2025,2,mississippi valley state,-20.158,245,-0.1236,-0.0417,122.02,516
2025,2,southern miss,-20.171,246,-0.0927,-0.0726,122.02,516
2025,2,arkansas baptist,-20.292,247,-0.1014,-0.0649,122.02,516
2025,2,virginia lynchburg,-20.315,248,-0.1234,-0.0431,122.02,516
2025,2,fordham,-20.533,249,-0.1243,-0.044,122.02,516
2025,2,charleston southern,-20.731,250,-0.1334,-0.0365,122.02,516
2025,2,colorado,-20.857,251,-0.0602,-0.1108,122.02,516
2025,2,eastern michigan,-21.351,252,0.0016,-0.1766,122.02,516
2025,2,murray state,-21.784,253,-0.0547,-0.1238,122.02,516
2025,2,marshall,-21.86,254,-0.1041,-0.0751,122.02,516
2025,2,oklahoma state,-22.52,255,-0.115,-0.0696,122.02,516
2025,2,robert morris,-22.536,256,-0.1079,-0.0768,122.02,516
2025,2,stony brook,-23.158,257,-0.1475,-0.0423,122.02,516
2025,2,charlotte,-23.349,258,-0.1192,-0.0722,122.02,516
2025,2,ball state,-23.734,259,-0.1268,-0.0677,122.02,516
2025,2,virginia tech,-24.081,260,-0.0627,-0.1346,122.02,516
2025,2,arkansas state,-26.232,261,-0.0464,-0.1686,122.02,516
2025,2,san diego,-26.758,262,-0.0744,-0.1449,122.02,516
2025,2,east texas a and m,-27.42,263,-0.1021,-0.1226,122.02,516
2025,2,bethune cookman,-27.488,264,-0.103,-0.1223,122.02,516
2025,2,arkansas pine bluff,-28.373,265,-0.0748,-0.1577,122.02,516
2025,2,the citadel,-28.705,266,-0.1283,-0.1069,122.02,516
2025,2,tennessee state,-28.783,267,-0.1669,-0.069,122.02,516
2025,2,cumberland tn,-29.252,268,-0.1387,-0.1011,122.02,516
2025,2,sul ross state,-29.368,269,-0.1329,-0.1078,122.02,516
2025,2,akron,-30.969,270,-0.1586,-0.0952,122.02,516
2025,2,northwestern state,-31.25,271,-0.2109,-0.0452,122.02,516
2025,2,portland state,-32.479,272,-0.1479,-0.1183,122.02,516
2025,2,langston,-32.8,273,-0.1796,-0.0892,122.02,516
2025,2,davidson,-35.858,274,-0.1366,-0.1573,122.02,516
2025,3,utah,36.718,1,0.1782,0.1453,113.5,758
2025,3,oklahoma,33.734,2,0.0939,0.2033,113.5,758
2025,3,usc,27.638,3,0.1957,0.0478,113.5,758
2025,3,north dakota state,25.154,4,0.0891,0.1325,113.5,758
2025,3,ut rio grande valley,22.692,5,0.1061,0.0938,113.5,758
2025,3,oregon,22.609,6,0.1666,0.0326,113.5,758
2025,3,vanderbilt,22.282,7,0.1679,0.0285,113.5,758
2025,3,texas tech,20.779,8,0.1173,0.0657,113.5,758
2025,3,arkansas,20.175,9,0.1674,0.0103,113.5,758
2025,3,tarleton state,20.131,10,0.057,0.1203,113.5,758
2025,3,memphis,19.926,11,0.0758,0.0997,113.5,758
2025,3,nebraska,19.331,12,0.1202,0.0501,113.5,758
2025,3,old dominion,19.121,13,0.1082,0.0603,113.5,758
2025,3,indiana,18.013,14,0.1252,0.0335,113.5,758
2025,3,north texas,17.73,15,0.0963,0.0599,113.5,758
2025,3,tennessee tech,17.63,16,0.0731,0.0822,113.5,758
2025,3,alabama,17.35,17,0.1233,0.0296,113.5,758
2025,3,ohio state,17.345,18,0.0704,0.0825,113.5,758
2025,3,cincinnati,17.283,19,0.1533,-0.001,113.5,758
2025,3,michigan,16.869,20,0.0641,0.0845,113.5,758
2025,3,east carolina,16.835,21,0.0518,0.0965,113.5,758
2025,3,mississippi state,15.739,22,0.0851,0.0536,113.5,758
2025,3,missouri,15.463,23,0.101,0.0352,113.5,758
2025,3,navy,14.549,24,0.1289,-0.0007,113.5,758
2025,3,florida state,14.522,25,0.0859,0.042,113.5,758
2025,3,southern illinois,14.388,26,0.0677,0.0591,113.5,758
2025,3,byu,14.23,27,0.0285,0.0969,113.5,758
2025,3,illinois,14.136,28,0.0723,0.0523,113.5,758
2025,3,minnesota,13.583,29,0.0169,0.1028,113.5,758
2025,3,lafayette,13.551,30,0.0719,0.0475,113.5,758
2025,3,georgia,13.515,31,0.0668,0.0523,113.5,758
2025,3,uconn,12.612,32,0.1173,-0.0062,113.5,758
2025,3,auburn,11.936,33,0.0459,0.0592,113.5,758
2025,3,boston college,11.863,34,0.0564,0.0481,113.5,758
2025,3,toledo,11.773,35,0.0085,0.0952,113.5,758
2025,3,florida,11.369,36,-0.0074,0.1076,113.5,758
2025,3,tennessee,11.238,37,0.1015,-0.0025,113.5,758
2025,3,tcu,10.954,38,0.1358,-0.0393,113.5,758
2025,3,kansas,10.816,39,0.0543,0.041,113.5,758
2025,3,pittsburgh,10.539,40,0.0481,0.0448,113.5,758
2025,3,austin peay,10.43,41,0.0171,0.0748,113.5,758
2025,3,ole miss,10.358,42,0.0919,-0.0007,113.5,758
2025,3,miami,9.942,43,0.0416,0.046,113.5,758
2025,3,west georgia,9.922,44,-0.0035,0.0909,113.5,758
2025,3,virginia,9.365,45,0.0878,-0.0053,113.5,758
2025,3,temple,7.519,46,0.0385,0.0277,113.5,758
2025,3,washington,7.29,47,0.0954,-0.0311,113.5,758
2025,3,west virginia,6.917,48,-0.0458,0.1067,113.5,758
2025,3,adrian,6.664,49,-0.0043,0.063,113.5,758
2025,3,stephen f austin,6.291,50,-0.0593,0.1147,113.5,758
2025,3,liberty,6.136,51,0.0438,0.0103,113.5,758
2025,3,james madison,6.108,52,-0.0462,0.1,113.5,758
2025,3,california,6.032,53,-0.0192,0.0723,113.5,758
2025,3,presbyterian,5.857,54,0.0106,0.041,113.5,758
2025,3,rhode island,5.79,55,0.0083,0.0427,113.5,758
2025,3,iowa state,5.527,56,0.0122,0.0365,113.5,758
2025,3,iowa,5.385,57,-0.032,0.0795,113.5,758
2025,3,arizona state,5.158,58,0.0192,0.0262,113.5,758
2025,3,se louisiana,5.109,59,0.0032,0.0418,113.5,758
2025,3,monmouth,4.884,60,0.0839,-0.0409,113.5,758
2025,3,penn state,4.742,61,0.0019,0.0399,113.5,758
2025,3,ucf,4.335,62,0.0287,0.0095,113.5,758
2025,3,southern utah,4.255,63,0.0423,-0.0048,113.5,758
2025,3,texas a and m,3.989,64,0.03,0.0051,113.5,758
2025,3,nc state,3.588,65,0.0368,-0.0052,113.5,758
2025,3,florida atlantic,3.053,66,-0.0067,0.0336,113.5,758
2025,3,new haven,2.802,67,-0.0236,0.0483,113.5,758
2025,3,elizabeth city state,2.511,68,0.0322,-0.01,113.5,758
2025,3,alabama state,2.457,69,0.0585,-0.0368,113.5,758
2025,3,south dakota state,2.435,70,-0.0471,0.0685,113.5,758
2025,3,buffalo,2.318,71,0.0234,-0.003,113.5,758
2025,3,cal poly,2.197,72,0.0148,0.0046,113.5,758
2025,3,state thomas mn,2.16,73,0.0574,-0.0384,113.5,758
2025,3,drake,2.042,74,0.0278,-0.0098,113.5,758
2025,3,texas,1.92,75,-0.0896,0.1065,113.5,758
2025,3,duke,1.909,76,0.0611,-0.0443,113.5,758
2025,3,fresno state,1.891,77,0.0403,-0.0236,113.5,758
2025,3,houston christian,1.641,78,-0.0516,0.066,113.5,758
2025,3,boise state,1.443,79,0.0067,0.006,113.5,758
2025,3,lsu,1.255,80,-0.0477,0.0588,113.5,758
2025,3,texas state,1.188,81,0.0706,-0.0601,113.5,758
2025,3,san diego state,1.163,82,-0.0584,0.0686,113.5,758
2025,3,hampton,0.936,83,-0.0103,0.0186,113.5,758
2025,3,south florida,0.815,84,0.0075,-0.0003,113.5,758
2025,3,stanford,0.808,85,-0.0424,0.0495,113.5,758
2025,3,louisiana tech,0.736,86,-0.051,0.0574,113.5,758
2025,3,utep,0.661,87,-0.0348,0.0406,113.5,758
2025,3,houston,0.598,88,-0.0884,0.0937,113.5,758
2025,3,webber international,0.548,89,-0.0401,0.0449,113.5,758
2025,3,wyoming,0.513,90,-0.0588,0.0633,113.5,758
2025,3,chattanooga,0.348,91,-0.0089,0.0119,113.5,758
2025,3,smu,0.283,92,-0.0139,0.0164,113.5,758
2025,3,army,0.183,93,-0.0073,0.009,113.5,758
2025,3,maine,0.001,94,-0.0428,0.0428,113.5,758
2025,3,georgia tech,-0.043,95,0.0343,-0.0347,113.5,758
2025,3,northern illinois,-0.05,96,-0.0569,0.0565,113.5,758
2025,3,louisville,-0.063,97,-0.0158,0.0152,113.5,758
2025,3,lehigh,-0.098,98,0.0034,-0.0043,113.5,758
2025,3,arizona,-0.151,99,-0.0531,0.0517,113.5,758
2025,3,baylor,-0.323,100,0.045,-0.0478,113.5,758
2025,3,maryland,-0.518,101,-0.0872,0.0827,113.5,758
2025,3,western kentucky,-0.586,102,0.002,-0.0072,113.5,758
2025,3,wisconsin,-0.602,103,0.0027,-0.008,113.5,758
2025,3,colorado state,-0.929,104,-0.0167,0.0085,113.5,758
2025,3,merrimack,-1.51,105,-0.0352,0.0219,113.5,758
2025,3,new mexico,-1.579,106,-0.0177,0.0038,113.5,758
2025,3,butler,-1.726,107,0.0051,-0.0203,113.5,758
2025,3,air force,-1.89,108,0.061,-0.0776,113.5,758
2025,3,chadron state,-1.937,109,-0.0282,0.0111,113.5,758
2025,3,richmond,-1.946,110,-0.0931,0.076,113.5,758
2025,3,idaho,-2.005,111,-0.019,0.0014,113.5,758
2025,3,illinois state,-2.259,112,-0.0315,0.0116,113.5,758
2025,3,notre dame,-2.569,113,0.0139,-0.0366,113.5,758
2025,3,rutgers,-2.968,114,0.043,-0.0691,113.5,758
2025,3,valparaiso,-3.004,115,-0.0826,0.0562,113.5,758
2025,3,lamar,-3.143,116,-0.0551,0.0274,113.5,758
2025,3,bowling green,-3.274,117,-0.0851,0.0563,113.5,758
2025,3,sacramento state,-3.41,118,-0.042,0.0119,113.5,758
2025,3,alabama a and m,-3.454,119,-0.0092,-0.0212,113.5,758
2025,3,jackson state,-3.653,120,-0.0341,0.0019,113.5,758
2025,3,florida international,-3.657,121,-0.031,-0.0012,113.5,758
2025,3,kansas state,-3.74,122,-0.0419,0.0089,113.5,758
2025,3,elon,-3.853,123,-0.025,-0.0089,113.5,758
2025,3,idaho state,-4.37,124,-0.0204,-0.0181,113.5,758
2025,3,miami oh,-4.467,125,-0.0438,0.0044,113.5,758
2025,3,georgetown,-4.696,126,0.0411,-0.0824,113.5,758
2025,3,howard,-4.912,127,-0.0402,-0.0031,113.5,758
2025,3,dayton,-4.944,128,-0.0525,0.0089,113.5,758
2025,3,ualbany,-5.162,129,-0.0045,-0.041,113.5,758
2025,3,stonehill,-5.164,130,-0.0586,0.0131,113.5,758
2025,3,syracuse,-5.174,131,-0.0015,-0.0441,113.5,758
2025,3,north carolina,-5.186,132,-0.0853,0.0396,113.5,758
2025,3,ohio,-5.531,133,-0.0448,-0.0039,113.5,758
2025,3,utsa,-5.562,134,0.0157,-0.0647,113.5,758
2025,3,purdue,-5.565,135,-0.0196,-0.0294,113.5,758
2025,3,east tennessee state,-5.585,136,-0.0155,-0.0337,113.5,758
2025,3,tulane,-5.615,137,-0.043,-0.0065,113.5,758
2025,3,lindenwood,-5.74,138,0.0018,-0.0524,113.5,758
2025,3,utah state,-5.857,139,-0.0131,-0.0385,113.5,758
2025,3,bryant,-6.125,140,-0.0854,0.0314,113.5,758
2025,3,montana state,-6.133,141,0.0061,-0.0602,113.5,758
2025,3,vmi,-6.284,142,-0.0242,-0.0311,113.5,758
2025,3,towson,-6.411,143,-0.0385,-0.018,113.5,758
2025,3,delaware,-6.49,144,0.0283,-0.0854,113.5,758
2025,3,tulsa,-6.567,145,-0.0551,-0.0028,113.5,758
2025,3,bowie state,-7.071,146,-0.0467,-0.0156,113.5,758
2025,3,app state,-7.096,147,-0.0543,-0.0083,113.5,758
2025,3,north dakota,-7.34,148,-0.0254,-0.0392,113.5,758
2025,3,bucknell,-7.452,149,0.0181,-0.0838,113.5,758
2025,3,mcneese,-7.575,150,-0.0058,-0.0609,113.5,758
2025,3,abilene christian,-7.607,151,-0.0078,-0.0592,113.5,758
2025,3,northern iowa,-7.617,152,-0.0371,-0.03,113.5,758
2025,3,kentucky state,-7.668,153,-0.0071,-0.0605,113.5,758
2025,3,clemson,-7.669,154,-0.0574,-0.0102,113.5,758
2025,3,unlv,-7.793,155,0.0204,-0.089,113.5,758
2025,3,jacksonville state,-7.793,156,0.0025,-0.0712,113.5,758
2025,3,northeastern state,-7.796,157,-0.029,-0.0397,113.5,758
2025,3,southern miss,-7.851,158,-0.0385,-0.0306,113.5,758
2025,3,william and mary,-7.948,159,-0.0316,-0.0384,113.5,758
2025,3,allen,-7.966,160,0.008,-0.0782,113.5,758
2025,3,new hampshire,-8.105,161,-0.0628,-0.0086,113.5,758
2025,3,florida a and m,-8.129,162,-0.0666,-0.005,113.5,758
2025,3,oregon state,-8.258,163,-0.0208,-0.052,113.5,758
2025,3,south carolina,-8.729,164,-0.0996,0.0227,113.5,758
2025,3,holy cross,-8.914,165,-0.105,0.0265,113.5,758
2025,3,miles,-9.122,166,-0.053,-0.0274,113.5,758
2025,3,rice,-9.207,167,-0.0778,-0.0033,113.5,758
2025,3,northwestern,-9.335,168,-0.0586,-0.0237,113.5,758
2025,3,mercyhurst,-9.411,169,-0.0001,-0.0828,113.5,758
2025,3,sam houston,-9.654,170,-0.0749,-0.0101,113.5,758
2025,3,northern colorado,-10.047,171,-0.0716,-0.0169,113.5,758
2025,3,kentucky,-10.067,172,-0.0578,-0.0309,113.5,758
2025,3,uc davis,-10.335,173,-0.046,-0.0451,113.5,758
2025,3,troy,-10.589,174,-0.0711,-0.0222,113.5,758
2025,3,kennesaw state,-10.594,175,-0.0422,-0.0512,113.5,758
2025,3,uab,-10.664,176,0.0807,-0.1746,113.5,758
2025,3,south alabama,-10.958,177,-0.0031,-0.0935,113.5,758
2025,3,ul monroe,-11.564,178,-0.046,-0.0559,113.5,758
2025,3,colorado,-12.017,179,-0.0425,-0.0634,113.5,758
2025,3,utah tech,-12.272,180,-0.0782,-0.0299,113.5,758
2025,3,incarnate word,-12.32,181,-0.1056,-0.0029,113.5,758
2025,3,prairie view a and m,-12.334,182,-0.0309,-0.0778,113.5,758
2025,3,michigan state,-12.51,183,-0.0525,-0.0577,113.5,758
2025,3,erskine,-12.513,184,-0.0563,-0.0539,113.5,758
2025,3,eastern washington,-12.553,185,-0.0653,-0.0453,113.5,758
2025,3,marist,-12.564,186,-0.1254,0.0147,113.5,758
2025,3,grambling,-12.641,187,-0.0493,-0.062,113.5,758
2025,3,upper iowa,-13.016,188,-0.0783,-0.0364,113.5,758
2025,3,wake forest,-13.089,189,-0.1268,0.0114,113.5,758
2025,3,middle tennessee,-13.284,190,-0.0882,-0.0288,113.5,758
2025,3,kent state,-13.343,191,-0.0847,-0.0329,113.5,758
2025,3,mercer,-13.343,192,-0.0673,-0.0503,113.5,758
2025,3,duquesne,-13.422,193,-0.0639,-0.0544,113.5,758
2025,3,youngstown state,-13.437,194,-0.031,-0.0874,113.5,758
2025,3,sacred heart,-13.493,195,-0.0938,-0.0251,113.5,758
2025,3,coastal carolina,-13.584,196,-0.1298,0.0102,113.5,758
2025,3,new mexico state,-13.618,197,-0.1047,-0.0152,113.5,758
2025,3,campbell,-13.653,198,-0.071,-0.0493,113.5,758
2025,3,virginia state,-13.987,199,-0.0677,-0.0556,113.5,758
2025,3,delaware state,-14.182,200,-0.0308,-0.0942,113.5,758
2025,3,bentley,-14.251,201,-0.0569,-0.0686,113.5,758
2025,3,mckendree,-14.262,202,-0.0799,-0.0457,113.5,758
2025,3,hawaii,-14.334,203,-0.1072,-0.0191,113.5,758
2025,3,north alabama,-14.362,204,-0.0887,-0.0379,113.5,758
2025,3,south carolina state,-14.636,205,-0.0689,-0.0601,113.5,758
2025,3,washington state,-14.648,206,-0.0668,-0.0623,113.5,758
2025,3,lincoln pa,-14.776,207,-0.0749,-0.0553,113.5,758
2025,3,georgia state,-14.802,208,-0.0399,-0.0905,113.5,758
2025,3,weber state,-15.023,209,-0.061,-0.0714,113.5,758
2025,3,west liberty,-15.151,210,-0.0682,-0.0653,113.5,758
2025,3,central connecticut,-15.167,211,-0.1096,-0.0241,113.5,758
2025,3,gardner webb,-15.364,212,-0.0475,-0.0879,113.5,758
2025,3,montana,-15.378,213,-0.1154,-0.0201,113.5,758
2025,3,georgia southern,-15.423,214,0.0122,-0.1481,113.5,758
2025,3,long island university,-15.474,215,-0.1225,-0.0138,113.5,758
2025,3,thomas more,-15.555,216,-0.1159,-0.0211,113.5,758
2025,3,villanova,-15.612,217,-0.0937,-0.0439,113.5,758
2025,3,wofford,-15.676,218,-0.1522,0.0141,113.5,758
2025,3,north carolina central,-15.681,219,-0.0858,-0.0524,113.5,758
2025,3,ucla,-15.689,220,-0.0145,-0.1237,113.5,758
2025,3,wagner,-15.784,221,-0.1313,-0.0078,113.5,758
2025,3,western oregon,-15.807,222,-0.0929,-0.0463,113.5,758
2025,3,ferrum,-15.827,223,-0.1182,-0.0212,113.5,758
2025,3,central michigan,-15.831,224,-0.068,-0.0715,113.5,758
2025,3,san jose state,-16.003,225,-0.0983,-0.0426,113.5,758
2025,3,american international,-16.057,226,-0.1109,-0.0305,113.5,758
2025,3,northern arizona,-16.407,227,-0.0355,-0.1091,113.5,758
2025,3,southeast missouri state,-16.408,228,-0.0632,-0.0814,113.5,758
2025,3,furman,-16.534,229,-0.0615,-0.0842,113.5,758
2025,3,north carolina a and t,-16.594,230,-0.0978,-0.0484,113.5,758
2025,3,saint francis,-16.615,231,-0.1323,-0.0141,113.5,758
2025,3,stetson,-16.741,232,-0.1141,-0.0334,113.5,758
2025,3,eastern illinois,-16.911,233,-0.0783,-0.0707,113.5,758
2025,3,tuskegee,-17.482,234,-0.0848,-0.0692,113.5,758
2025,3,nicholls,-17.507,235,-0.151,-0.0032,113.5,758
2025,3,south dakota,-17.617,236,-0.0298,-0.1254,113.5,758
2025,3,northern michigan,-17.667,237,-0.1135,-0.0421,113.5,758
2025,3,louisiana,-17.71,238,-0.1266,-0.0295,113.5,758
2025,3,warner,-17.766,239,-0.0503,-0.1062,113.5,758
2025,3,missouri state,-17.854,240,-0.0442,-0.113,113.5,758
2025,3,fayetteville state,-18.144,241,-0.077,-0.0828,113.5,758
2025,3,robert morris,-18.16,242,-0.0934,-0.0666,113.5,758
2025,3,western michigan,-18.79,243,-0.1527,-0.0129,113.5,758
2025,3,central arkansas,-19.068,244,-0.0684,-0.0996,113.5,758
2025,3,stony brook,-19.185,245,-0.1345,-0.0346,113.5,758
2025,3,ut martin,-19.28,246,-0.0731,-0.0968,113.5,758
2025,3,hanover,-19.312,247,-0.1437,-0.0265,113.5,758
2025,3,nevada,-19.381,248,-0.1046,-0.0661,113.5,758
2025,3,charlotte,-19.419,249,-0.0646,-0.1065,113.5,758
2025,3,southern,-19.609,250,-0.091,-0.0818,113.5,758
2025,3,eastern michigan,-19.754,251,0.0138,-0.1879,113.5,758
2025,3,samford,-19.784,252,-0.1645,-0.0098,113.5,758
2025,3,marshall,-20.479,253,-0.1351,-0.0454,113.5,758
2025,3,western carolina,-20.837,254,-0.0816,-0.102,113.5,758
2025,3,western illinois,-20.985,255,-0.0932,-0.0916,113.5,758
2025,3,lincoln ca,-21.417,256,-0.1328,-0.0559,113.5,758
2025,3,virginia lynchburg,-21.54,257,-0.1371,-0.0526,113.5,758
2025,3,ball state,-21.837,258,-0.0878,-0.1045,113.5,758
2025,3,arkansas pine bluff,-21.848,259,-0.0764,-0.1161,113.5,758
2025,3,the citadel,-21.922,260,-0.1179,-0.0752,113.5,758
2025,3,massachusetts,-22.367,261,-0.1019,-0.0952,113.5,758
2025,3,louisiana christian,-22.592,262,-0.1008,-0.0983,113.5,758
2025,3,bethune cookman,-22.729,263,-0.0448,-0.1555,113.5,758
2025,3,murray state,-22.767,264,-0.0703,-0.1303,113.5,758
2025,3,akron,-22.821,265,-0.1578,-0.0433,113.5,758
2025,3,charleston southern,-23.433,266,-0.1241,-0.0824,113.5,758
2025,3,morgan state,-23.453,267,-0.1129,-0.0937,113.5,758
2025,3,colgate,-23.471,268,-0.0383,-0.1685,113.5,758
2025,3,texas southern,-23.611,269,-0.1494,-0.0586,113.5,758
2025,3,morehead state,-24.33,270,-0.0589,-0.1555,113.5,758
2025,3,oklahoma state,-24.466,271,-0.1416,-0.0739,113.5,758
2025,3,arkansas baptist,-25.094,272,-0.1412,-0.0799,113.5,758
2025,3,east texas a and m,-25.095,273,-0.1019,-0.1192,113.5,758
2025,3,fordham,-25.17,274,-0.1576,-0.0641,113.5,758
2025,3,mississippi valley state,-25.172,275,-0.1415,-0.0803,113.5,758
2025,3,virginia tech,-25.238,276,-0.0452,-0.1772,113.5,758
2025,3,eastern kentucky,-25.592,277,-0.1976,-0.0278,113.5,758
2025,3,alcorn state,-26.721,278,-0.1417,-0.0937,113.5,758
2025,3,norfolk state,-26.803,279,-0.1788,-0.0574,113.5,758
2025,3,san diego,-27.354,280,-0.0926,-0.1484,113.5,758
2025,3,portland state,-27.876,281,-0.1553,-0.0903,113.5,758
2025,3,indiana state,-28.192,282,-0.1162,-0.1322,113.5,758
2025,3,morehouse,-29.481,283,-0.1144,-0.1453,113.5,758
2025,3,tennessee state,-29.689,284,-0.1649,-0.0967,113.5,758
2025,3,cumberland tn,-30.126,285,-0.1597,-0.1057,113.5,758
2025,3,arkansas state,-30.637,286,-0.0924,-0.1775,113.5,758
2025,3,davidson,-36.098,287,-0.1469,-0.1711,113.5,758
2025,3,langston,-42.449,288,-0.2145,-0.1595,113.5,758
2025,3,sul ross state,-44.955,289,-0.2079,-0.1882,113.5,758
2025,3,northwestern state,-50.343,290,-0.285,-0.1586,113.5,758
2025,4,indiana,28.833,1,0.1611,0.0907,114.49,990
2025,4,utah,27.241,2,0.1112,0.1267,114.49,990
2025,4,oklahoma,27.082,3,0.0554,0.1812,114.49,990
2025,4,usc,25.67,4,0.2065,0.0177,114.49,990
2025,4,texas tech,25.237,5,0.1139,0.1065,114.49,990
2025,4,vanderbilt,25.236,6,0.1895,0.0309,114.49,990
2025,4,old dominion,24.984,7,0.1333,0.085,114.49,990
2025,4,florida state,24.904,8,0.1471,0.0705,114.49,990
2025,4,oregon,24.834,9,0.1614,0.0555,114.49,990
2025,4,byu,24.713,10,0.0726,0.1432,114.49,990
2025,4,arkansas,22.631,11,0.1916,0.0061,114.49,990
2025,4,michigan,21.271,12,0.0889,0.0969,114.49,990
2025,4,north dakota state,19.757,13,0.0547,0.1179,114.49,990
2025,4,ut rio grande valley,19.699,14,0.0776,0.0945,114.49,990
2025,4,alabama,19.256,15,0.1275,0.0407,114.49,990
2025,4,washington,19.025,16,0.165,0.0011,114.49,990
2025,4,ohio state,18.902,17,0.0627,0.1024,114.49,990
2025,4,tennessee tech,18.876,18,0.0743,0.0906,114.49,990
2025,4,mississippi state,18.675,19,0.1124,0.0508,114.49,990
2025,4,auburn,18.071,20,0.0692,0.0887,114.49,990
2025,4,memphis,17.667,21,0.0615,0.0928,114.49,990
2025,4,cincinnati,16.942,22,0.1407,0.0073,114.49,990
2025,4,north texas,15.592,23,0.1092,0.027,114.49,990
2025,4,southern illinois,15.547,24,0.1179,0.0179,114.49,990
2025,4,james madison,15.501,25,-0.0088,0.1442,114.49,990
2025,4,tarleton state,15.368,26,0.0434,0.0908,114.49,990
2025,4,miami,15.011,27,0.0473,0.0839,114.49,990
2025,4,nebraska,14.753,28,0.1032,0.0257,114.49,990
2025,4,navy,13.895,29,0.1242,-0.0028,114.49,990
2025,4,texas,13.837,30,-0.0201,0.1409,114.49,990
2025,4,georgia,13.417,31,0.059,0.0582,114.49,990
2025,4,presbyterian,13.301,32,0.0411,0.0751,114.49,990
2025,4,ole miss,12.433,33,0.0925,0.0161,114.49,990
2025,4,harvard,12.424,34,0.0722,0.0364,114.49,990
2025,4,florida,12.316,35,-0.0244,0.1319,114.49,990
2025,4,minnesota,11.464,36,0.0104,0.0897,114.49,990
2025,4,missouri,11.385,37,0.0766,0.0229,114.49,990
2025,4,boston college,10.77,38,0.0382,0.0559,114.49,990
2025,4,pittsburgh,10.289,39,0.0543,0.0356,114.49,990
2025,4,virginia,9.54,40,0.107,-0.0237,114.49,990
2025,4,boise state,9.241,41,0.0853,-0.0046,114.49,990
2025,4,tennessee,8.682,42,0.0757,0.0001,114.49,990
2025,4,kansas,8.306,43,0.0533,0.0193,114.49,990
2025,4,lsu,8.164,44,0.0098,0.0615,114.49,990
2025,4,east carolina,7.874,45,0.0176,0.0511,114.49,990
2025,4,iowa state,7.837,46,0.0127,0.0557,114.49,990
2025,4,south florida,7.714,47,0.0352,0.0322,114.49,990
2025,4,iowa,7.711,48,0.0022,0.0651,114.49,990
2025,4,lafayette,7.378,49,0.0445,0.02,114.49,990
2025,4,georgia tech,7.0,50,0.0516,0.0096,114.49,990
2025,4,austin peay,6.97,51,0.0046,0.0563,114.49,990
2025,4,idaho state,6.542,52,0.0516,0.0056,114.49,990
2025,4,toledo,5.89,53,-0.027,0.0784,114.49,990
2025,4,texas a and m,5.608,54,0.0359,0.0131,114.49,990
2025,4,smu,5.442,55,0.0118,0.0358,114.49,990
2025,4,tcu,4.992,56,0.1031,-0.0594,114.49,990
2025,4,louisville,4.948,57,0.0356,0.0076,114.49,990
2025,4,penn state,4.821,58,-0.0083,0.0504,114.49,990
2025,4,uconn,4.715,59,0.0874,-0.0462,114.49,990
2025,4,west virginia,4.086,60,-0.0647,0.1004,114.49,990
2025,4,arizona state,4.015,61,0.0019,0.0332,114.49,990
2025,4,stephen f austin,3.983,62,-0.0875,0.1223,114.49,990
2025,4,ucf,3.697,63,0.0291,0.0032,114.49,990
2025,4,nc state,3.494,64,0.04,-0.0095,114.49,990
2025,4,illinois,3.019,65,0.0209,0.0055,114.49,990
2025,4,maryland,2.829,66,-0.0882,0.1129,114.49,990
2025,4,fresno state,2.812,67,0.0279,-0.0033,114.49,990
2025,4,san diego state,2.438,68,-0.0812,0.1025,114.49,990
2025,4,baylor,2.405,69,0.0432,-0.0222,114.49,990
2025,4,adrian,2.18,70,-0.021,0.04,114.49,990
2025,4,northern colorado,2.134,71,-0.0603,0.0789,114.49,990
2025,4,cornell,1.999,72,-0.0412,0.0587,114.49,990
2025,4,southern utah,1.889,73,0.0737,-0.0572,114.49,990
2025,4,colorado state,1.853,74,-0.0201,0.0363,114.49,990
2025,4,florida atlantic,1.713,75,-0.0102,0.0251,114.49,990
2025,4,texas state,1.579,76,0.069,-0.0552,114.49,990
2025,4,alabama state,1.527,77,0.0557,-0.0424,114.49,990
2025,4,houston,1.521,78,-0.0858,0.0991,114.49,990
2025,4,california,1.087,79,-0.0591,0.0686,114.49,990
2025,4,south dakota state,1.077,80,-0.0705,0.0799,114.49,990
2025,4,temple,0.877,81,0.0069,0.0008,114.49,990
2025,4,notre dame,0.782,82,0.0546,-0.0478,114.49,990
2025,4,rhode island,0.751,83,-0.0168,0.0233,114.49,990
2025,4,pennsylvania,0.74,84,0.0003,0.0062,114.49,990
2025,4,lehigh,0.687,85,0.0264,-0.0204,114.49,990
2025,4,chadron state,0.497,86,-0.0045,0.0089,114.49,990
2025,4,cal poly,0.408,87,-0.0025,0.0061,114.49,990
2025,4,howard,0.297,88,-0.0103,0.0129,114.49,990
2025,4,new mexico,0.28,89,-0.0199,0.0224,114.49,990
2025,4,arizona,0.264,90,-0.0435,0.0458,114.49,990
2025,4,stanford,0.021,91,-0.0196,0.0197,114.49,990
2025,4,mercer,-0.593,92,-0.0147,0.0095,114.49,990
2025,4,monmouth,-0.597,93,0.0897,-0.0949,114.49,990
2025,4,west georgia,-0.711,94,-0.0644,0.0582,114.49,990
2025,4,chattanooga,-0.811,95,0.0118,-0.0188,114.49,990
2025,4,montana state,-0.934,96,0.0274,-0.0356,114.49,990
2025,4,state thomas mn,-1.007,97,0.0306,-0.0393,114.49,990
2025,4,delaware,-1.079,98,0.0347,-0.0442,114.49,990
2025,4,army,-1.318,99,0.0101,-0.0216,114.49,990
2025,4,north dakota,-2.106,100,-0.0219,0.0035,114.49,990
2025,4,alabama a and m,-2.694,101,-0.0458,0.0222,114.49,990
2025,4,saginaw valley state,-2.8,102,-0.0085,-0.016,114.49,990
2025,4,kansas state,-2.809,103,-0.0413,0.0168,114.49,990
2025,4,elon,-2.827,104,-0.0488,0.0241,114.49,990
2025,4,dartmouth,-2.935,105,0.0097,-0.0353,114.49,990
2025,4,sacramento state,-3.062,106,-0.0088,-0.018,114.49,990
2025,4,duke,-3.066,107,0.053,-0.0798,114.49,990
2025,4,utsa,-3.128,108,0.0049,-0.0322,114.49,990
2025,4,utah state,-3.151,109,-0.0138,-0.0137,114.49,990
2025,4,dayton,-3.317,110,-0.0506,0.0216,114.49,990
2025,4,texas wesleyan,-3.448,111,-0.0422,0.0121,114.49,990
2025,4,brown,-3.49,112,-0.0805,0.05,114.49,990
2025,4,south carolina,-3.492,113,-0.0732,0.0427,114.49,990
2025,4,elizabeth city state,-3.607,114,0.004,-0.0355,114.49,990
2025,4,uc davis,-3.666,115,0.0391,-0.0712,114.49,990
2025,4,northern illinois,-3.699,116,-0.0518,0.0195,114.49,990
2025,4,new haven,-3.765,117,-0.0425,0.0097,114.49,990
2025,4,richmond,-3.859,118,-0.0806,0.0469,114.49,990
2025,4,unlv,-3.872,119,0.02,-0.0539,114.49,990
2025,4,louisiana tech,-4.113,120,-0.0877,0.0518,114.49,990
2025,4,liberty,-4.131,121,-0.0036,-0.0325,114.49,990
2025,4,southern miss,-4.243,122,-0.0287,-0.0083,114.49,990
2025,4,north carolina central,-4.464,123,-0.0162,-0.0228,114.49,990
2025,4,webber international,-4.532,124,-0.0642,0.0246,114.49,990
2025,4,wyoming,-4.602,125,-0.0626,0.0224,114.49,990
2025,4,ul monroe,-4.612,126,-0.0162,-0.024,114.49,990
2025,4,syracuse,-4.896,127,0.0014,-0.0441,114.49,990
2025,4,drake,-5.255,128,0.0253,-0.0712,114.49,990
2025,4,columbia,-5.337,129,-0.0269,-0.0197,114.49,990
2025,4,purdue,-5.342,130,-0.0149,-0.0318,114.49,990
2025,4,jacksonville state,-5.429,131,0.001,-0.0484,114.49,990
2025,4,tulsa,-5.659,132,-0.0624,0.013,114.49,990
2025,4,central michigan,-5.843,133,-0.065,0.014,114.49,990
2025,4,utep,-5.985,134,-0.0655,0.0132,114.49,990
2025,4,clemson,-6.001,135,-0.0493,-0.0032,114.49,990
2025,4,yale,-6.052,136,-0.0503,-0.0025,114.49,990
2025,4,troy,-6.077,137,-0.0669,0.0138,114.49,990
2025,4,jackson state,-6.29,138,-0.0471,-0.0079,114.49,990
2025,4,western kentucky,-6.297,139,-0.0293,-0.0257,114.49,990
2025,4,colorado,-6.403,140,-0.0008,-0.0551,114.49,990
2025,4,lamar,-6.473,141,-0.0773,0.0208,114.49,990
2025,4,bowie state,-6.665,142,-0.0486,-0.0096,114.49,990
2025,4,idaho,-7.052,143,-0.0012,-0.0604,114.49,990
2025,4,se louisiana,-7.237,144,-0.0215,-0.0417,114.49,990
2025,4,rice,-7.361,145,-0.0752,0.0109,114.49,990
2025,4,bowling green,-7.526,146,-0.0814,0.0157,114.49,990
2025,4,new hampshire,-7.563,147,-0.0521,-0.014,114.49,990
2025,4,michigan state,-7.719,148,-0.0078,-0.0596,114.49,990
2025,4,delaware state,-7.987,149,0.0052,-0.0749,114.49,990
2025,4,butler,-8.012,150,-0.0423,-0.0277,114.49,990
2025,4,san jose state,-8.156,151,-0.017,-0.0542,114.49,990
2025,4,buffalo,-8.253,152,-0.0477,-0.0244,114.49,990
2025,4,rutgers,-8.36,153,0.0239,-0.097,114.49,990
2025,4,wisconsin,-8.449,154,-0.0435,-0.0303,114.49,990
2025,4,florida a and m,-8.457,155,-0.0722,-0.0016,114.49,990
2025,4,florida international,-8.701,156,-0.059,-0.017,114.49,990
2025,4,bryant,-8.878,157,-0.0929,0.0153,114.49,990
2025,4,uab,-8.977,158,0.0718,-0.1502,114.49,990
2025,4,northeastern state,-9.033,159,-0.036,-0.0429,114.49,990
2025,4,abilene christian,-9.124,160,0.007,-0.0867,114.49,990
2025,4,app state,-9.137,161,-0.0643,-0.0155,114.49,990
2025,4,georgetown,-9.493,162,-0.0022,-0.0808,114.49,990
2025,4,illinois state,-9.543,163,-0.0569,-0.0265,114.49,990
2025,4,ualbany,-9.553,164,-0.0525,-0.0309,114.49,990
2025,4,south dakota,-9.588,165,0.0412,-0.1249,114.49,990
2025,4,ohio,-9.674,166,-0.0284,-0.0561,114.49,990
2025,4,allen,-9.713,167,-0.0108,-0.074,114.49,990
2025,4,coastal carolina,-10.035,168,-0.1279,0.0403,114.49,990
2025,4,north carolina,-10.173,169,-0.1042,0.0153,114.49,990
2025,4,tulane,-10.347,170,-0.0689,-0.0214,114.49,990
2025,4,towson,-10.441,171,-0.0362,-0.055,114.49,990
2025,4,lindenwood,-10.481,172,-0.0108,-0.0807,114.49,990
2025,4,oregon state,-10.637,173,-0.0347,-0.0582,114.49,990
2025,4,kentucky state,-10.809,174,-0.0228,-0.0716,114.49,990
2025,4,houston christian,-10.809,175,-0.1424,0.048,114.49,990
2025,4,youngstown state,-10.858,176,-0.0036,-0.0913,114.49,990
2025,4,kentucky,-10.876,177,-0.0605,-0.0345,114.49,990
2025,4,maine,-10.966,178,-0.0987,0.0029,114.49,990
2025,4,air force,-10.997,179,0.066,-0.162,114.49,990
2025,4,northwestern,-11.066,180,-0.0661,-0.0306,114.49,990
2025,4,miles,-11.156,181,-0.0631,-0.0344,114.49,990
2025,4,incarnate word,-11.264,182,-0.079,-0.0193,114.49,990
2025,4,georgia southern,-11.623,183,0.0216,-0.1231,114.49,990
2025,4,northern iowa,-11.666,184,-0.0716,-0.0303,114.49,990
2025,4,valparaiso,-11.74,185,-0.1335,0.0309,114.49,990
2025,4,erskine,-11.796,186,-0.0532,-0.0498,114.49,990
2025,4,holy cross,-12.144,187,-0.1342,0.0281,114.49,990
2025,4,montana,-12.259,188,-0.0534,-0.0537,114.49,990
2025,4,merrimack,-12.273,189,-0.101,-0.0062,114.49,990
2025,4,vmi,-12.293,190,-0.0295,-0.0779,114.49,990
2025,4,utah tech,-12.432,191,-0.1227,0.0141,114.49,990
2025,4,hampton,-12.561,192,-0.0684,-0.0413,114.49,990
2025,4,north alabama,-13.081,193,-0.0801,-0.0341,114.49,990
2025,4,lane college,-13.15,194,-0.1303,0.0154,114.49,990
2025,4,ball state,-13.296,195,-0.0524,-0.0637,114.49,990
2025,4,wake forest,-13.518,196,-0.1393,0.0212,114.49,990
2025,4,eastern washington,-13.559,197,-0.0747,-0.0437,114.49,990
2025,4,east tennessee state,-13.83,198,-0.0584,-0.0624,114.49,990
2025,4,mcneese,-13.907,199,-0.0342,-0.0873,114.49,990
2025,4,weber state,-13.933,200,-0.0756,-0.0461,114.49,990
2025,4,virginia tech,-14.073,201,-0.0196,-0.1033,114.49,990
2025,4,kennesaw state,-14.298,202,-0.058,-0.0669,114.49,990
2025,4,long island university,-14.309,203,-0.1144,-0.0105,114.49,990
2025,4,stonehill,-14.386,204,-0.1083,-0.0174,114.49,990
2025,4,villanova,-14.406,205,-0.0325,-0.0933,114.49,990
2025,4,central connecticut,-14.55,206,-0.1207,-0.0064,114.49,990
2025,4,mercyhurst,-14.755,207,-0.0387,-0.0902,114.49,990
2025,4,marshall,-14.834,208,-0.0781,-0.0514,114.49,990
2025,4,missouri state,-14.889,209,-0.0363,-0.0938,114.49,990
2025,4,william and mary,-14.983,210,-0.057,-0.0738,114.49,990
2025,4,miami oh,-15.18,211,-0.0928,-0.0398,114.49,990
2025,4,new mexico state,-15.193,212,-0.1093,-0.0234,114.49,990
2025,4,virginia state,-15.699,213,-0.0828,-0.0543,114.49,990
2025,4,kentucky christian,-15.82,214,0.009,-0.1472,114.49,990
2025,4,bucknell,-15.881,215,-0.0137,-0.125,114.49,990
2025,4,mckendree,-15.927,216,-0.0996,-0.0395,114.49,990
2025,4,south alabama,-15.981,217,-0.0232,-0.1164,114.49,990
2025,4,fayetteville state,-16.155,218,-0.0754,-0.0657,114.49,990
2025,4,central state,-16.611,219,-0.1624,0.0174,114.49,990
2025,4,gardner webb,-16.627,220,-0.0231,-0.1221,114.49,990
2025,4,ucla,-16.751,221,-0.0108,-0.1355,114.49,990
2025,4,thomas more,-16.771,222,-0.1329,-0.0136,114.49,990
2025,4,bentley,-16.913,223,-0.0706,-0.0772,114.49,990
2025,4,georgia state,-17.026,224,-0.036,-0.1127,114.49,990
2025,4,grambling,-17.058,225,-0.0644,-0.0845,114.49,990
2025,4,campbell,-17.134,226,-0.0829,-0.0667,114.49,990
2025,4,western michigan,-17.157,227,-0.1719,0.0221,114.49,990
2025,4,upper iowa,-17.206,228,-0.107,-0.0433,114.49,990
2025,4,edward waters,-17.239,229,-0.1279,-0.0226,114.49,990
2025,4,louisiana,-17.362,230,-0.1203,-0.0314,114.49,990
2025,4,furman,-17.403,231,-0.0686,-0.0834,114.49,990
2025,4,american international,-17.585,232,-0.1133,-0.0403,114.49,990
2025,4,hawaii,-18.09,233,-0.1521,-0.0059,114.49,990
2025,4,eastern illinois,-18.102,234,-0.0852,-0.0729,114.49,990
2025,4,western oregon,-18.185,235,-0.1007,-0.0581,114.49,990
2025,4,akron,-18.294,236,-0.1373,-0.0225,114.49,990
2025,4,marist,-18.439,237,-0.1509,-0.0101,114.49,990
2025,4,west liberty,-18.643,238,-0.0814,-0.0815,114.49,990
2025,4,stony brook,-18.853,239,-0.1202,-0.0445,114.49,990
2025,4,princeton,-18.959,240,-0.0524,-0.1131,114.49,990
2025,4,northern michigan,-19.113,241,-0.116,-0.051,114.49,990
2025,4,nevada,-19.223,242,-0.1145,-0.0534,114.49,990
2025,4,lincoln pa,-19.294,243,-0.0937,-0.0749,114.49,990
2025,4,southern,-19.444,244,-0.0919,-0.0779,114.49,990
2025,4,ferrum,-19.587,245,-0.1421,-0.029,114.49,990
2025,4,east texas a and m,-19.727,246,-0.0804,-0.0919,114.49,990
2025,4,eastern kentucky,-19.85,247,-0.1829,0.0095,114.49,990
2025,4,tuskegee,-20.141,248,-0.0963,-0.0796,114.49,990
2025,4,south carolina state,-20.454,249,-0.0861,-0.0925,114.49,990
2025,4,nicholls,-20.521,250,-0.1715,-0.0077,114.49,990
2025,4,northern arizona,-20.562,251,-0.0195,-0.1601,114.49,990
2025,4,charleston southern,-20.61,252,-0.1052,-0.0748,114.49,990
2025,4,middle tennessee,-20.783,253,-0.0897,-0.0919,114.49,990
2025,4,sacred heart,-21.016,254,-0.0787,-0.1049,114.49,990
2025,4,southeast missouri state,-21.029,255,-0.034,-0.1496,114.49,990
2025,4,samford,-21.21,256,-0.1165,-0.0687,114.49,990
2025,4,greensboro,-21.741,257,-0.1065,-0.0833,114.49,990
2025,4,duquesne,-21.792,258,-0.1044,-0.0859,114.49,990
2025,4,hanover,-21.801,259,-0.1483,-0.0421,114.49,990
2025,4,bluefield,-21.872,260,-0.1028,-0.0883,114.49,990
2025,4,bethune cookman,-21.968,261,-0.0593,-0.1326,114.49,990
2025,4,colgate,-21.999,262,-0.0285,-0.1636,114.49,990
2025,4,western carolina,-22.389,263,-0.0494,-0.1461,114.49,990
2025,4,san diego,-22.903,264,-0.0667,-0.1334,114.49,990
2025,4,prairie view a and m,-22.916,265,-0.0619,-0.1383,114.49,990
2025,4,warner,-23.005,266,-0.0744,-0.1265,114.49,990
2025,4,eastern michigan,-23.068,267,0.0017,-0.2032,114.49,990
2025,4,washington state,-23.268,268,-0.0888,-0.1144,114.49,990
2025,4,kent state,-23.462,269,-0.1044,-0.1005,114.49,990
2025,4,robert morris,-23.483,270,-0.1238,-0.0813,114.49,990
2025,4,sam houston,-23.705,271,-0.1016,-0.1054,114.49,990
2025,4,morgan state,-23.938,272,-0.153,-0.0561,114.49,990
2025,4,wofford,-24.086,273,-0.2149,0.0045,114.49,990
2025,4,massachusetts,-24.126,274,-0.1167,-0.094,114.49,990
2025,4,morehead state,-24.66,275,-0.0283,-0.1871,114.49,990
2025,4,ut martin,-24.663,276,-0.0986,-0.1168,114.49,990
2025,4,central arkansas,-25.036,277,-0.0686,-0.1501,114.49,990
2025,4,saint francis,-25.285,278,-0.1632,-0.0577,114.49,990
2025,4,charlotte,-25.668,279,-0.0997,-0.1245,114.49,990
2025,4,western illinois,-26.069,280,-0.1073,-0.1204,114.49,990
2025,4,virginia lynchburg,-26.269,281,-0.1538,-0.0756,114.49,990
2025,4,louisiana christian,-26.515,282,-0.1178,-0.1138,114.49,990
2025,4,alcorn state,-26.737,283,-0.1499,-0.0837,114.49,990
2025,4,norfolk state,-26.891,284,-0.1569,-0.078,114.49,990
2025,4,stetson,-27.226,285,-0.1571,-0.0807,114.49,990
2025,4,texas southern,-27.709,286,-0.1669,-0.0751,114.49,990
2025,4,arkansas state,-28.057,287,-0.0989,-0.1461,114.49,990
2025,4,arkansas pine bluff,-28.086,288,-0.1167,-0.1286,114.49,990
2025,4,portland state,-28.108,289,-0.1514,-0.0941,114.49,990
2025,4,indiana state,-28.145,290,-0.0794,-0.1665,114.49,990
2025,4,oklahoma state,-28.478,291,-0.1617,-0.0871,114.49,990
2025,4,morehouse,-28.921,292,-0.1143,-0.1383,114.49,990
2025,4,wagner,-29.103,293,-0.2155,-0.0387,114.49,990
2025,4,mississippi valley state,-29.773,294,-0.1704,-0.0897,114.49,990
2025,4,fordham,-30.556,295,-0.1788,-0.0881,114.49,990
2025,4,arkansas baptist,-31.105,296,-0.1555,-0.1162,114.49,990
2025,4,cumberland tn,-31.662,297,-0.1652,-0.1114,114.49,990
2025,4,davidson,-32.184,298,-0.1227,-0.1584,114.49,990
2025,4,north carolina a and t,-33.275,299,-0.1467,-0.1439,114.49,990
2025,4,murray state,-33.311,300,-0.1361,-0.1549,114.49,990
2025,4,tennessee state,-33.512,301,-0.1779,-0.1148,114.49,990
2025,4,the citadel,-37.23,302,-0.1995,-0.1257,114.49,990
2025,4,lincoln ca,-45.401,303,-0.1839,-0.2127,114.49,990
2025,4,northwestern state,-45.685,304,-0.25,-0.149,114.49,990
2025,4,langston,-45.92,305,-0.2274,-0.1737,114.49,990
2025,4,sul ross state,-48.49,306,-0.2156,-0.2079,114.49,990
2025,5,indiana,30.6,1,0.1599,0.1153,111.22,1204
2025,5,utah,29.63,2,0.1517,0.1147,111.22,1204
2025,5,oklahoma,26.053,3,0.0592,0.175,111.22,1204
2025,5,ohio state,25.761,4,0.0914,0.1402,111.22,1204
2025,5,usc,25.358,5,0.2228,0.0052,111.22,1204
2025,5,oregon,25.321,6,0.1635,0.0641,111.22,1204
2025,5,texas tech,25.007,7,0.1133,0.1116,111.22,1204
2025,5,florida state,24.587,8,0.1485,0.0725,111.22,1204
2025,5,vanderbilt,23.84,9,0.2058,0.0086,111.22,1204
2025,5,old dominion,23.329,10,0.1178,0.092,111.22,1204
2025,5,alabama,21.054,11,0.1378,0.0515,111.22,1204
2025,5,north dakota state,20.556,12,0.0822,0.1026,111.22,1204
2025,5,byu,19.894,13,0.0679,0.111,111.22,1204
2025,5,michigan,19.723,14,0.0873,0.09,111.22,1204
2025,5,tennessee tech,19.321,15,0.0595,0.1142,111.22,1204
2025,5,miami,19.2,16,0.0591,0.1135,111.22,1204
2025,5,presbyterian,18.828,17,0.0577,0.1116,111.22,1204
2025,5,tennessee,16.024,18,0.099,0.0451,111.22,1204
2025,5,memphis,15.44,19,0.0743,0.0645,111.22,1204
2025,5,texas,15.276,20,-0.0075,0.1449,111.22,1204
2025,5,notre dame,15.245,21,0.1393,-0.0022,111.22,1204
2025,5,auburn,15.094,22,0.025,0.1108,111.22,1204
2025,5,cincinnati,14.918,23,0.1751,-0.0409,111.22,1204
2025,5,james madison,13.899,24,-0.0171,0.142,111.22,1204
2025,5,nebraska,13.785,25,0.092,0.032,111.22,1204
2025,5,georgia,13.65,26,0.0514,0.0713,111.22,1204
2025,5,missouri,13.572,27,0.073,0.0491,111.22,1204
2025,5,southern illinois,13.32,28,0.1191,0.0007,111.22,1204
2025,5,toledo,13.235,29,0.0237,0.0953,111.22,1204
2025,5,florida,12.937,30,-0.0172,0.1335,111.22,1204
2025,5,harvard,12.749,31,0.0488,0.0658,111.22,1204
2025,5,texas a and m,12.663,32,0.0283,0.0856,111.22,1204
2025,5,navy,12.581,33,0.1244,-0.0113,111.22,1204
2025,5,washington,11.584,34,0.1265,-0.0224,111.22,1204
2025,5,ole miss,11.372,35,0.0865,0.0158,111.22,1204
2025,5,ut rio grande valley,10.998,36,0.0825,0.0164,111.22,1204
2025,5,lsu,10.859,37,0.0147,0.083,111.22,1204
2025,5,tarleton state,10.709,38,0.0255,0.0708,111.22,1204
2025,5,north texas,10.568,39,0.0875,0.0075,111.22,1204
2025,5,mississippi state,10.32,40,0.074,0.0188,111.22,1204
2025,5,arkansas,10.085,41,0.1373,-0.0466,111.22,1204
2025,5,louisville,9.438,42,0.0413,0.0436,111.22,1204
2025,5,kansas,9.067,43,0.0866,-0.0051,111.22,1204
2025,5,south florida,8.598,44,0.0496,0.0277,111.22,1204
2025,5,virginia,8.515,45,0.1032,-0.0266,111.22,1204
2025,5,boise state,7.934,46,0.0351,0.0363,111.22,1204
2025,5,san diego state,7.085,47,-0.0881,0.1518,111.22,1204
2025,5,minnesota,6.971,48,0.0051,0.0576,111.22,1204
2025,5,east carolina,6.929,49,0.0025,0.0598,111.22,1204
2025,5,austin peay,6.772,50,0.0441,0.0168,111.22,1204
2025,5,duke,6.386,51,0.0937,-0.0363,111.22,1204
2025,5,boston college,6.138,52,0.0356,0.0196,111.22,1204
2025,5,iowa,5.988,53,-0.0198,0.0736,111.22,1204
2025,5,pittsburgh,5.593,54,0.0071,0.0431,111.22,1204
2025,5,iowa state,5.443,55,0.0172,0.0317,111.22,1204
2025,5,tcu,5.263,56,0.0921,-0.0448,111.22,1204
2025,5,ucf,5.138,57,0.037,0.0092,111.22,1204
2025,5,idaho state,5.077,58,0.0532,-0.0075,111.22,1204
2025,5,baylor,5.075,59,0.0797,-0.034,111.22,1204
2025,5,penn state,4.993,60,-0.0131,0.058,111.22,1204
2025,5,georgia tech,4.936,61,0.0434,0.001,111.22,1204
2025,5,cornell,4.734,62,-0.0609,0.1035,111.22,1204
2025,5,smu,4.696,63,0.0052,0.037,111.22,1204
2025,5,alabama state,4.49,64,0.0899,-0.0495,111.22,1204
2025,5,mercer,4.048,65,0.0303,0.006,111.22,1204
2025,5,south dakota state,4.035,66,-0.027,0.0633,111.22,1204
2025,5,illinois,3.99,67,0.0357,0.0002,111.22,1204
2025,5,montana state,3.536,68,0.0471,-0.0153,111.22,1204
2025,5,california,3.239,69,-0.0305,0.0596,111.22,1204
2025,5,uconn,3.212,70,0.0659,-0.037,111.22,1204
2025,5,arizona state,2.754,71,-0.02,0.0448,111.22,1204
2025,5,arizona,2.232,72,-0.0263,0.0463,111.22,1204
2025,5,west georgia,1.918,73,-0.0518,0.0691,111.22,1204
2025,5,nc state,1.677,74,0.0311,-0.016,111.22,1204
2025,5,louisiana tech,1.544,75,-0.099,0.1129,111.22,1204
2025,5,cal poly,1.451,76,-0.0028,0.0158,111.22,1204
2025,5,fresno state,1.364,77,0.0166,-0.0043,111.22,1204
2025,5,maryland,1.326,78,-0.0948,0.1067,111.22,1204
2025,5,dartmouth,1.144,79,0.067,-0.0568,111.22,1204
2025,5,west virginia,0.949,80,-0.0541,0.0626,111.22,1204
2025,5,texas state,0.777,81,0.0678,-0.0608,111.22,1204
2025,5,south carolina,0.736,82,-0.067,0.0736,111.22,1204
2025,5,jackson state,0.621,83,-0.0103,0.0159,111.22,1204
2025,5,pennsylvania,0.552,84,0.0311,-0.0261,111.22,1204
2025,5,adrian,0.418,85,-0.0277,0.0315,111.22,1204
2025,5,new mexico,0.207,86,-0.0251,0.027,111.22,1204
2025,5,temple,-0.08,87,0.0078,-0.0085,111.22,1204
2025,5,howard,-0.261,88,-0.0342,0.0319,111.22,1204
2025,5,lafayette,-0.401,89,0.0325,-0.0361,111.22,1204
2025,5,stephen f austin,-0.46,90,-0.1008,0.0967,111.22,1204
2025,5,houston,-0.726,91,-0.1048,0.0982,111.22,1204
2025,5,western kentucky,-0.805,92,-0.002,-0.0052,111.22,1204
2025,5,utah state,-1.127,93,0.0176,-0.0277,111.22,1204
2025,5,delaware,-1.392,94,0.0308,-0.0434,111.22,1204
2025,5,rutgers,-1.47,95,0.0748,-0.088,111.22,1204
2025,5,se louisiana,-1.73,96,0.0405,-0.056,111.22,1204
2025,5,unlv,-1.747,97,0.0379,-0.0536,111.22,1204
2025,5,monmouth,-1.795,98,0.0782,-0.0943,111.22,1204
2025,5,elon,-2.052,99,-0.0423,0.0239,111.22,1204
2025,5,northern colorado,-2.404,100,-0.0733,0.0517,111.22,1204
2025,5,chadron state,-2.43,101,-0.0187,-0.0031,111.22,1204
2025,5,southern utah,-2.535,102,0.0575,-0.0803,111.22,1204
2025,5,purdue,-2.643,103,-0.0118,-0.012,111.22,1204
2025,5,tulane,-2.761,104,-0.0406,0.0157,111.22,1204
2025,5,dayton,-2.798,105,-0.0237,-0.0015,111.22,1204
2025,5,southern miss,-2.83,106,-0.0145,-0.0109,111.22,1204
2025,5,lehigh,-3.069,107,0.022,-0.0495,111.22,1204
2025,5,rhode island,-3.414,108,-0.0246,-0.0061,111.22,1204
2025,5,kansas state,-3.577,109,-0.0423,0.0101,111.22,1204
2025,5,utsa,-3.747,110,0.0112,-0.0449,111.22,1204
2025,5,north dakota,-3.9,111,-0.0319,-0.0031,111.22,1204
2025,5,san jose state,-4.214,112,0.0223,-0.0602,111.22,1204
2025,5,elizabeth city state,-4.371,113,-0.0019,-0.0374,111.22,1204
2025,5,sacramento state,-4.601,114,-0.0282,-0.0132,111.22,1204
2025,5,uc davis,-4.694,115,0.0284,-0.0706,111.22,1204
2025,5,liberty,-4.746,116,-0.0188,-0.0238,111.22,1204
2025,5,army,-5.213,117,-0.0191,-0.0277,111.22,1204
2025,5,florida atlantic,-5.288,118,-0.0208,-0.0268,111.22,1204
2025,5,colorado,-5.476,119,0.0168,-0.066,111.22,1204
2025,5,wyoming,-5.542,120,-0.0743,0.0245,111.22,1204
2025,5,wisconsin,-5.745,121,-0.0239,-0.0278,111.22,1204
2025,5,stanford,-5.925,122,-0.0362,-0.0171,111.22,1204
2025,5,jacksonville state,-6.057,123,0.0003,-0.0548,111.22,1204
2025,5,drake,-6.068,124,0.0134,-0.0679,111.22,1204
2025,5,north carolina central,-6.222,125,-0.0132,-0.0427,111.22,1204
2025,5,state thomas mn,-6.31,126,-0.005,-0.0518,111.22,1204
2025,5,clemson,-6.327,127,-0.0496,-0.0073,111.22,1204
2025,5,ohio,-6.496,128,-0.0203,-0.0381,111.22,1204
2025,5,saginaw valley state,-6.657,129,-0.0371,-0.0227,111.22,1204
2025,5,columbia,-6.86,130,-0.0964,0.0348,111.22,1204
2025,5,webber international,-6.88,131,-0.0823,0.0205,111.22,1204
2025,5,miami oh,-7.05,132,-0.0941,0.0307,111.22,1204
2025,5,troy,-7.103,133,-0.0726,0.0088,111.22,1204
2025,5,idaho,-7.211,134,-0.0018,-0.063,111.22,1204
2025,5,delaware state,-7.407,135,0.0346,-0.1012,111.22,1204
2025,5,texas wesleyan,-7.483,136,-0.0734,0.0061,111.22,1204
2025,5,michigan state,-7.486,137,-0.0137,-0.0537,111.22,1204
2025,5,brown,-7.539,138,-0.1063,0.0385,111.22,1204
2025,5,wake forest,-7.553,139,-0.1118,0.0439,111.22,1204
2025,5,colorado state,-7.647,140,-0.0647,-0.0041,111.22,1204
2025,5,ul monroe,-7.676,141,-0.0366,-0.0324,111.22,1204
2025,5,bowie state,-7.778,142,-0.0625,-0.0074,111.22,1204
2025,5,princeton,-7.951,143,0.0027,-0.0742,111.22,1204
2025,5,richmond,-8.006,144,-0.1171,0.0451,111.22,1204
2025,5,uab,-8.38,145,0.0698,-0.1452,111.22,1204
2025,5,virginia tech,-8.423,146,0.0017,-0.0774,111.22,1204
2025,5,new hampshire,-8.622,147,-0.078,0.0004,111.22,1204
2025,5,florida international,-8.649,148,-0.0655,-0.0123,111.22,1204
2025,5,rice,-8.844,149,-0.0808,0.0013,111.22,1204
2025,5,central michigan,-8.862,150,-0.0797,0.0,111.22,1204
2025,5,alabama a and m,-8.874,151,-0.0359,-0.0439,111.22,1204
2025,5,marshall,-8.988,152,-0.0301,-0.0508,111.22,1204
2025,5,oregon state,-9.047,153,-0.0338,-0.0475,111.22,1204
2025,5,bowling green,-9.371,154,-0.0947,0.0104,111.22,1204
2025,5,utep,-9.521,155,-0.1127,0.0271,111.22,1204
2025,5,northern illinois,-10.148,156,-0.1085,0.0173,111.22,1204
2025,5,illinois state,-10.209,157,-0.0587,-0.0331,111.22,1204
2025,5,south alabama,-10.306,158,0.0086,-0.1013,111.22,1204
2025,5,coastal carolina,-10.375,159,-0.1296,0.0363,111.22,1204
2025,5,north carolina,-10.53,160,-0.1021,0.0074,111.22,1204
2025,5,hampton,-10.539,161,-0.0513,-0.0434,111.22,1204
2025,5,kentucky,-10.568,162,-0.0776,-0.0175,111.22,1204
2025,5,buffalo,-10.596,163,-0.0734,-0.0218,111.22,1204
2025,5,incarnate word,-10.609,164,-0.0874,-0.008,111.22,1204
2025,5,northeastern state,-10.669,165,-0.0443,-0.0516,111.22,1204
2025,5,erskine,-10.911,166,-0.0462,-0.0519,111.22,1204
2025,5,montana,-10.988,167,-0.0355,-0.0633,111.22,1204
2025,5,south dakota,-11.114,168,0.0432,-0.1431,111.22,1204
2025,5,new haven,-11.206,169,-0.0399,-0.0609,111.22,1204
2025,5,bryant,-11.269,170,-0.1011,-0.0002,111.22,1204
2025,5,syracuse,-11.345,171,-0.024,-0.078,111.22,1204
2025,5,towson,-11.372,172,-0.0355,-0.0668,111.22,1204
2025,5,ualbany,-11.467,173,-0.0688,-0.0343,111.22,1204
2025,5,ucla,-11.542,174,-0.0002,-0.1036,111.22,1204
2025,5,houston christian,-11.661,175,-0.1459,0.041,111.22,1204
2025,5,app state,-11.695,176,-0.1088,0.0036,111.22,1204
2025,5,air force,-12.137,177,0.1039,-0.213,111.22,1204
2025,5,valparaiso,-12.241,178,-0.136,0.026,111.22,1204
2025,5,youngstown state,-12.423,179,-0.0155,-0.0962,111.22,1204
2025,5,georgia southern,-12.438,180,0.0047,-0.1165,111.22,1204
2025,5,furman,-12.511,181,-0.0618,-0.0507,111.22,1204
2025,5,east tennessee state,-12.525,182,-0.0328,-0.0799,111.22,1204
2025,5,abilene christian,-12.72,183,-0.0198,-0.0945,111.22,1204
2025,5,yale,-12.752,184,-0.127,0.0123,111.22,1204
2025,5,mcneese,-12.775,185,-0.0389,-0.0759,111.22,1204
2025,5,allen,-12.875,186,-0.0198,-0.0959,111.22,1204
2025,5,butler,-13.108,187,-0.0616,-0.0563,111.22,1204
2025,5,georgetown,-13.266,188,-0.0533,-0.066,111.22,1204
2025,5,tulsa,-13.295,189,-0.1046,-0.0149,111.22,1204
2025,5,northern arizona,-13.33,190,0.0165,-0.1364,111.22,1204
2025,5,kentucky state,-13.455,191,-0.0294,-0.0915,111.22,1204
2025,5,northwestern,-13.486,192,-0.082,-0.0393,111.22,1204
2025,5,western carolina,-13.64,193,-0.0092,-0.1134,111.22,1204
2025,5,gardner webb,-13.732,194,-0.0111,-0.1124,111.22,1204
2025,5,villanova,-13.852,195,-0.0098,-0.1147,111.22,1204
2025,5,chattanooga,-13.871,196,-0.0456,-0.0791,111.22,1204
2025,5,eastern illinois,-13.891,197,-0.0682,-0.0567,111.22,1204
2025,5,northern iowa,-14.031,198,-0.0895,-0.0367,111.22,1204
2025,5,north alabama,-14.125,199,-0.0833,-0.0437,111.22,1204
2025,5,utah tech,-14.236,200,-0.0994,-0.0286,111.22,1204
2025,5,ball state,-14.498,201,-0.0455,-0.0848,111.22,1204
2025,5,western michigan,-14.553,202,-0.1473,0.0165,111.22,1204
2025,5,vmi,-15.026,203,-0.041,-0.0941,111.22,1204
2025,5,long island university,-15.12,204,-0.1217,-0.0142,111.22,1204
2025,5,kennesaw state,-15.451,205,-0.0571,-0.0818,111.22,1204
2025,5,new mexico state,-15.811,206,-0.1111,-0.0311,111.22,1204
2025,5,maine,-15.853,207,-0.105,-0.0375,111.22,1204
2025,5,stony brook,-15.862,208,-0.0991,-0.0435,111.22,1204
2025,5,virginia state,-16.091,209,-0.0848,-0.0599,111.22,1204
2025,5,central state,-16.152,210,-0.1577,0.0125,111.22,1204
2025,5,south carolina state,-16.196,211,-0.0672,-0.0784,111.22,1204
2025,5,lane college,-16.281,212,-0.1575,0.0111,111.22,1204
2025,5,miles,-16.392,213,-0.1052,-0.0421,111.22,1204
2025,5,lamar,-16.67,214,-0.1236,-0.0262,111.22,1204
2025,5,mckendree,-17.048,215,-0.1057,-0.0475,111.22,1204
2025,5,washington state,-17.13,216,-0.0584,-0.0957,111.22,1204
2025,5,weber state,-17.323,217,-0.0927,-0.0631,111.22,1204
2025,5,georgia state,-17.388,218,-0.0433,-0.113,111.22,1204
2025,5,missouri state,-17.447,219,-0.0466,-0.1103,111.22,1204
2025,5,william and mary,-17.466,220,-0.0585,-0.0986,111.22,1204
2025,5,edward waters,-17.477,221,-0.1396,-0.0175,111.22,1204
2025,5,fayetteville state,-17.743,222,-0.0872,-0.0723,111.22,1204
2025,5,middle tennessee,-17.771,223,-0.0865,-0.0732,111.22,1204
2025,5,eastern kentucky,-17.82,224,-0.1784,0.0182,111.22,1204
2025,5,nevada,-17.871,225,-0.1059,-0.0548,111.22,1204
2025,5,hawaii,-17.939,226,-0.125,-0.0363,111.22,1204
2025,5,stonehill,-18.061,227,-0.1449,-0.0175,111.22,1204
2025,5,mercyhurst,-18.227,228,-0.0327,-0.1312,111.22,1204
2025,5,prairie view a and m,-18.255,229,-0.0631,-0.1011,111.22,1204
2025,5,thomas more,-18.364,230,-0.1495,-0.0156,111.22,1204
2025,5,central connecticut,-18.41,231,-0.1217,-0.0439,111.22,1204
2025,5,upper iowa,-18.456,232,-0.1111,-0.0549,111.22,1204
2025,5,san diego,-18.54,233,-0.0625,-0.1042,111.22,1204
2025,5,lindenwood,-18.54,234,-0.0669,-0.0998,111.22,1204
2025,5,holy cross,-18.663,235,-0.1309,-0.0369,111.22,1204
2025,5,bentley,-18.732,236,-0.0809,-0.0875,111.22,1204
2025,5,western oregon,-18.735,237,-0.1026,-0.0658,111.22,1204
2025,5,tuskegee,-18.743,238,-0.0935,-0.075,111.22,1204
2025,5,florida a and m,-18.806,239,-0.0985,-0.0706,111.22,1204
2025,5,kentucky christian,-18.807,240,0.0,-0.1691,111.22,1204
2025,5,marist,-18.814,241,-0.1626,-0.0066,111.22,1204
2025,5,merrimack,-18.966,242,-0.1305,-0.04,111.22,1204
2025,5,morgan state,-19.038,243,-0.1447,-0.0265,111.22,1204
2025,5,eastern washington,-19.212,244,-0.0909,-0.0819,111.22,1204
2025,5,bethune cookman,-19.269,245,-0.021,-0.1522,111.22,1204
2025,5,bucknell,-19.38,246,-0.0255,-0.1488,111.22,1204
2025,5,duquesne,-19.536,247,-0.069,-0.1066,111.22,1204
2025,5,lincoln pa,-19.619,248,-0.1057,-0.0707,111.22,1204
2025,5,west liberty,-19.742,249,-0.0843,-0.0932,111.22,1204
2025,5,american international,-19.929,250,-0.1309,-0.0483,111.22,1204
2025,5,northern michigan,-19.987,251,-0.1173,-0.0625,111.22,1204
2025,5,central arkansas,-20.606,252,-0.0448,-0.1405,111.22,1204
2025,5,bluefield,-20.7,253,-0.0957,-0.0904,111.22,1204
2025,5,nicholls,-20.738,254,-0.1742,-0.0123,111.22,1204
2025,5,grambling,-21.172,255,-0.1014,-0.0889,111.22,1204
2025,5,east texas a and m,-21.277,256,-0.0739,-0.1174,111.22,1204
2025,5,ferrum,-21.477,257,-0.1526,-0.0405,111.22,1204
2025,5,louisiana,-22.356,258,-0.1206,-0.0804,111.22,1204
2025,5,colgate,-22.578,259,-0.0358,-0.1672,111.22,1204
2025,5,hanover,-22.596,260,-0.1549,-0.0482,111.22,1204
2025,5,eastern michigan,-22.695,261,0.0006,-0.2047,111.22,1204
2025,5,greensboro,-22.857,262,-0.1163,-0.0892,111.22,1204
2025,5,wofford,-23.005,263,-0.2131,0.0062,111.22,1204
2025,5,sam houston,-23.161,264,-0.1085,-0.0997,111.22,1204
2025,5,sacred heart,-23.44,265,-0.0477,-0.1631,111.22,1204
2025,5,robert morris,-23.444,266,-0.1361,-0.0747,111.22,1204
2025,5,akron,-23.817,267,-0.1506,-0.0635,111.22,1204
2025,5,samford,-23.818,268,-0.1486,-0.0656,111.22,1204
2025,5,the citadel,-23.863,269,-0.1428,-0.0718,111.22,1204
2025,5,campbell,-24.004,270,-0.1123,-0.1035,111.22,1204
2025,5,ut martin,-24.148,271,-0.1137,-0.1035,111.22,1204
2025,5,norfolk state,-24.382,272,-0.1507,-0.0686,111.22,1204
2025,5,southeast missouri state,-24.486,273,-0.0704,-0.1497,111.22,1204
2025,5,kent state,-24.514,274,-0.1084,-0.112,111.22,1204
2025,5,massachusetts,-24.769,275,-0.1299,-0.0928,111.22,1204
2025,5,warner,-24.825,276,-0.0925,-0.1307,111.22,1204
2025,5,charlotte,-24.93,277,-0.0933,-0.1308,111.22,1204
2025,5,southern,-24.976,278,-0.1161,-0.1084,111.22,1204
2025,5,saint francis,-25.177,279,-0.1557,-0.0707,111.22,1204
2025,5,charleston southern,-25.929,280,-0.1273,-0.1058,111.22,1204
2025,5,texas southern,-26.188,281,-0.1505,-0.085,111.22,1204
2025,5,alcorn state,-26.375,282,-0.15,-0.0871,111.22,1204
2025,5,louisiana christian,-26.934,283,-0.1192,-0.123,111.22,1204
2025,5,virginia lynchburg,-27.218,284,-0.1606,-0.0841,111.22,1204
2025,5,indiana state,-27.807,285,-0.0806,-0.1694,111.22,1204
2025,5,arkansas state,-28.735,286,-0.1143,-0.144,111.22,1204
2025,5,morehouse,-28.81,287,-0.1091,-0.1499,111.22,1204
2025,5,fordham,-28.985,288,-0.1584,-0.1022,111.22,1204
2025,5,stetson,-29.618,289,-0.1465,-0.1198,111.22,1204
2025,5,north carolina a and t,-29.742,290,-0.1224,-0.145,111.22,1204
2025,5,morehead state,-30.011,291,-0.0711,-0.1987,111.22,1204
2025,5,arkansas pine bluff,-30.812,292,-0.1335,-0.1436,111.22,1204
2025,5,western illinois,-31.099,293,-0.1306,-0.149,111.22,1204
2025,5,wagner,-31.473,294,-0.2173,-0.0657,111.22,1204
2025,5,cumberland tn,-31.851,295,-0.1625,-0.1239,111.22,1204
2025,5,arkansas baptist,-32.025,296,-0.1629,-0.125,111.22,1204
2025,5,mississippi valley state,-32.131,297,-0.1801,-0.1088,111.22,1204
2025,5,tennessee state,-32.185,298,-0.2023,-0.0871,111.22,1204
2025,5,davidson,-32.215,299,-0.1173,-0.1723,111.22,1204
2025,5,murray state,-32.752,300,-0.1465,-0.148,111.22,1204
2025,5,oklahoma state,-32.83,301,-0.1655,-0.1297,111.22,1204
2025,5,portland state,-36.073,302,-0.1915,-0.1329,111.22,1204
2025,5,northwestern state,-45.886,303,-0.2618,-0.1508,111.22,1204
2025,5,lincoln ca,-47.039,304,-0.1974,-0.2255,111.22,1204
2025,5,langston,-48.86,305,-0.2516,-0.1877,111.22,1204
2025,5,sul ross state,-51.955,306,-0.2481,-0.219,111.22,1204
2025,6,ohio state,32.404,1,0.1371,0.161,108.71,1418
2025,6,indiana,31.015,2,0.1578,0.1274,108.71,1418
2025,6,utah,26.785,3,0.1377,0.1087,108.71,1418
2025,6,oregon,26.5,4,0.1695,0.0742,108.71,1418
2025,6,texas tech,26.116,5,0.1288,0.1114,108.71,1418
2025,6,usc,25.562,6,0.225,0.0101,108.71,1418
2025,6,oklahoma,24.706,7,0.0315,0.1957,108.71,1418
2025,6,vanderbilt,23.156,8,0.1994,0.0136,108.71,1418
2025,6,florida state,22.886,9,0.1507,0.0598,108.71,1418
2025,6,old dominion,22.76,10,0.1338,0.0756,108.71,1418
2025,6,miami,22.757,11,0.0683,0.141,108.71,1418
2025,6,north dakota state,22.221,12,0.1139,0.0905,108.71,1418
2025,6,alabama,21.315,13,0.1282,0.0679,108.71,1418
2025,6,byu,21.123,14,0.0993,0.095,108.71,1418
2025,6,michigan,17.892,15,0.0838,0.0807,108.71,1418
2025,6,tennessee tech,17.65,16,0.0793,0.083,108.71,1418
2025,6,presbyterian,17.438,17,0.0532,0.1072,108.71,1418
2025,6,texas,15.926,18,0.024,0.1225,108.71,1418
2025,6,notre dame,15.877,19,0.1242,0.0218,108.71,1418
2025,6,washington,15.813,20,0.1423,0.0031,108.71,1418
2025,6,tennessee,15.515,21,0.1031,0.0396,108.71,1418
2025,6,memphis,14.788,22,0.0782,0.0579,108.71,1418
2025,6,toledo,14.686,23,0.0255,0.1096,108.71,1418
2025,6,texas a and m,13.853,24,0.04,0.0874,108.71,1418
2025,6,missouri,13.657,25,0.0797,0.0459,108.71,1418
2025,6,florida,13.656,26,0.0234,0.1023,108.71,1418
2025,6,auburn,13.355,27,0.0234,0.0995,108.71,1418
2025,6,cincinnati,13.334,28,0.1734,-0.0508,108.71,1418
2025,6,harvard,13.246,29,0.0598,0.0621,108.71,1418
2025,6,ole miss,12.999,30,0.0974,0.0221,108.71,1418
2025,6,lsu,12.897,31,0.0212,0.0974,108.71,1418
2025,6,georgia,12.847,32,0.0497,0.0685,108.71,1418
2025,6,kansas,12.52,33,0.0934,0.0217,108.71,1418
2025,6,north texas,11.28,34,0.0961,0.0076,108.71,1418
2025,6,nebraska,11.161,35,0.0529,0.0497,108.71,1418
2025,6,duke,10.548,36,0.1177,-0.0206,108.71,1418
2025,6,louisville,10.161,37,0.022,0.0715,108.71,1418
2025,6,southern illinois,9.916,38,0.1085,-0.0172,108.71,1418
2025,6,james madison,9.863,39,-0.04,0.1307,108.71,1418
2025,6,arkansas,9.756,40,0.1382,-0.0484,108.71,1418
2025,6,virginia,9.276,41,0.0816,0.0037,108.71,1418
2025,6,ut rio grande valley,9.091,42,0.0625,0.0211,108.71,1418
2025,6,pittsburgh,8.766,43,0.0176,0.063,108.71,1418
2025,6,mississippi state,8.337,44,0.0673,0.0094,108.71,1418
2025,6,south florida,8.288,45,0.0403,0.036,108.71,1418
2025,6,tarleton state,8.175,46,0.0639,0.0113,108.71,1418
2025,6,navy,8.117,47,0.1182,-0.0436,108.71,1418
2025,6,nc state,8.099,48,0.072,0.0025,108.71,1418
2025,6,montana state,7.732,49,0.0683,0.0029,108.71,1418
2025,6,penn state,7.64,50,0.0112,0.0591,108.71,1418
2025,6,east carolina,7.462,51,0.0004,0.0682,108.71,1418
2025,6,san diego state,7.061,52,-0.0339,0.0989,108.71,1418
2025,6,boise state,6.537,53,0.0106,0.0495,108.71,1418
2025,6,iowa state,6.528,54,0.0209,0.0391,108.71,1418
2025,6,austin peay,6.146,55,0.0522,0.0043,108.71,1418
2025,6,se louisiana,5.575,56,0.0461,0.0052,108.71,1418
2025,6,illinois,5.218,57,0.0552,-0.0072,108.71,1418
2025,6,georgia tech,4.603,58,0.0434,-0.001,108.71,1418
2025,6,south dakota state,4.415,59,-0.0083,0.0489,108.71,1418
2025,6,smu,4.045,60,-0.0001,0.0373,108.71,1418
2025,6,iowa,3.681,61,-0.0251,0.059,108.71,1418
2025,6,boston college,3.619,62,0.0311,0.0022,108.71,1418
2025,6,north dakota,3.471,63,0.0197,0.0123,108.71,1418
2025,6,baylor,2.829,64,0.0764,-0.0504,108.71,1418
2025,6,jackson state,2.807,65,0.0176,0.0082,108.71,1418
2025,6,louisiana tech,2.792,66,-0.0856,0.1113,108.71,1418
2025,6,uc davis,2.633,67,0.0627,-0.0385,108.71,1418
2025,6,arizona,2.473,68,-0.0461,0.0689,108.71,1418
2025,6,uconn,2.458,69,0.0659,-0.0433,108.71,1418
2025,6,tcu,2.44,70,0.0665,-0.0441,108.71,1418
2025,6,south carolina,2.211,71,-0.0563,0.0766,108.71,1418
2025,6,alabama state,1.945,72,0.1141,-0.0962,108.71,1418
2025,6,western kentucky,1.814,73,0.0149,0.0018,108.71,1418
2025,6,mercer,1.337,74,0.0266,-0.0143,108.71,1418
2025,6,ucf,1.134,75,0.0067,0.0037,108.71,1418
2025,6,idaho state,1.051,76,0.0358,-0.0261,108.71,1418
2025,6,west georgia,0.6,77,-0.0575,0.063,108.71,1418
2025,6,arizona state,0.501,78,-0.0281,0.0327,108.71,1418
2025,6,unlv,0.386,79,0.0367,-0.0332,108.71,1418
2025,6,southern utah,0.381,80,0.118,-0.1145,108.71,1418
2025,6,monmouth,0.373,81,0.1091,-0.1057,108.71,1418
2025,6,west virginia,0.304,82,-0.0339,0.0367,108.71,1418
2025,6,fresno state,-0.168,83,-0.0031,0.0015,108.71,1418
2025,6,kansas state,-0.313,84,-0.0175,0.0146,108.71,1418
2025,6,rutgers,-0.477,85,0.0727,-0.0771,108.71,1418
2025,6,california,-0.694,86,-0.0564,0.05,108.71,1418
2025,6,minnesota,-0.805,87,-0.0127,0.0053,108.71,1418
2025,6,maryland,-0.822,88,-0.099,0.0915,108.71,1418
2025,6,elon,-0.941,89,-0.0461,0.0374,108.71,1418
2025,6,utsa,-1.106,90,-0.0017,-0.0085,108.71,1418
2025,6,drake,-1.181,91,-0.003,-0.0079,108.71,1418
2025,6,stephen f austin,-1.275,92,-0.0984,0.0867,108.71,1418
2025,6,dartmouth,-1.371,93,0.0406,-0.0532,108.71,1418
2025,6,new mexico,-1.506,94,-0.0057,-0.0081,108.71,1418
2025,6,tulane,-1.835,95,-0.0393,0.0224,108.71,1418
2025,6,utah state,-1.901,96,0.0201,-0.0375,108.71,1418
2025,6,wake forest,-2.024,97,-0.0927,0.0741,108.71,1418
2025,6,adrian,-2.183,98,-0.027,0.0069,108.71,1418
2025,6,pennsylvania,-2.251,99,0.0076,-0.0283,108.71,1418
2025,6,rhode island,-2.311,100,0.0017,-0.0229,108.71,1418
2025,6,clemson,-2.313,101,-0.022,0.0007,108.71,1418
2025,6,southern miss,-2.352,102,-0.0184,-0.0032,108.71,1418
2025,6,texas state,-2.579,103,0.0447,-0.0685,108.71,1418
2025,6,northern colorado,-2.752,104,-0.0854,0.0601,108.71,1418
2025,6,purdue,-2.794,105,0.0102,-0.0359,108.71,1418
2025,6,michigan state,-3.152,106,-0.0218,-0.0071,108.71,1418
2025,6,miami oh,-3.242,107,-0.0703,0.0405,108.71,1418
2025,6,lehigh,-3.248,108,0.0252,-0.0551,108.71,1418
2025,6,army,-3.485,109,-0.0295,-0.0025,108.71,1418
2025,6,howard,-3.602,110,-0.0561,0.023,108.71,1418
2025,6,dayton,-3.659,111,-0.03,-0.0037,108.71,1418
2025,6,chadron state,-3.719,112,-0.021,-0.0132,108.71,1418
2025,6,ohio,-3.848,113,-0.0257,-0.0097,108.71,1418
2025,6,houston,-4.004,114,-0.1155,0.0787,108.71,1418
2025,6,montana,-4.204,115,-0.0002,-0.0385,108.71,1418
2025,6,san jose state,-4.23,116,0.0426,-0.0815,108.71,1418
2025,6,wisconsin,-4.704,117,-0.0182,-0.0251,108.71,1418
2025,6,delaware,-5.03,118,0.0163,-0.0626,108.71,1418
2025,6,colorado,-5.166,119,0.0066,-0.0541,108.71,1418
2025,6,florida atlantic,-5.199,120,-0.0112,-0.0367,108.71,1418
2025,6,liberty,-5.301,121,-0.0253,-0.0234,108.71,1418
2025,6,sacramento state,-5.62,122,-0.0296,-0.0221,108.71,1418
2025,6,lafayette,-5.716,123,0.0018,-0.0543,108.71,1418
2025,6,temple,-6.048,124,-0.0285,-0.0271,108.71,1418
2025,6,villanova,-6.061,125,0.0236,-0.0794,108.71,1418
2025,6,colorado state,-6.094,126,-0.003,-0.053,108.71,1418
2025,6,stanford,-6.238,127,-0.0425,-0.0149,108.71,1418
2025,6,cal poly,-6.999,128,-0.0325,-0.0319,108.71,1418
2025,6,idaho,-7.216,129,-0.0021,-0.0643,108.71,1418
2025,6,webber international,-7.271,130,-0.0922,0.0253,108.71,1418
2025,6,north carolina central,-7.287,131,-0.0216,-0.0454,108.71,1418
2025,6,jacksonville state,-7.378,132,-0.0072,-0.0607,108.71,1418
2025,6,columbia,-7.43,133,-0.1125,0.0441,108.71,1418
2025,6,elizabeth city state,-7.625,134,-0.027,-0.0432,108.71,1418
2025,6,oregon state,-7.784,135,-0.0206,-0.051,108.71,1418
2025,6,south dakota,-7.829,136,0.0791,-0.1512,108.71,1418
2025,6,kentucky,-7.907,137,-0.0642,-0.0086,108.71,1418
2025,6,troy,-7.921,138,-0.0751,0.0023,108.71,1418
2025,6,syracuse,-8.117,139,-0.0186,-0.056,108.71,1418
2025,6,stony brook,-8.117,140,-0.0801,0.0054,108.71,1418
2025,6,saginaw valley state,-8.347,141,-0.045,-0.0318,108.71,1418
2025,6,western michigan,-8.472,142,-0.1255,0.0476,108.71,1418
2025,6,cornell,-9.047,143,-0.1148,0.0316,108.71,1418
2025,6,texas wesleyan,-9.077,144,-0.0769,-0.0066,108.71,1418
2025,6,chattanooga,-9.136,145,-0.0639,-0.0202,108.71,1418
2025,6,state thomas mn,-9.162,146,-0.0135,-0.0707,108.71,1418
2025,6,south alabama,-9.316,147,0.0102,-0.0959,108.71,1418
2025,6,virginia tech,-9.412,148,-0.0099,-0.0767,108.71,1418
2025,6,delaware state,-9.498,149,0.0415,-0.1289,108.71,1418
2025,6,bowie state,-9.565,150,-0.0767,-0.0112,108.71,1418
2025,6,wyoming,-9.598,151,-0.1079,0.0196,108.71,1418
2025,6,utep,-9.598,152,-0.1253,0.037,108.71,1418
2025,6,air force,-9.615,153,0.1139,-0.2024,108.71,1418
2025,6,marshall,-9.649,154,-0.0351,-0.0537,108.71,1418
2025,6,south carolina state,-9.687,155,-0.0616,-0.0275,108.71,1418
2025,6,coastal carolina,-9.69,156,-0.1098,0.0207,108.71,1418
2025,6,houston christian,-9.744,157,-0.1485,0.0589,108.71,1418
2025,6,ul monroe,-9.788,158,-0.0229,-0.0672,108.71,1418
2025,6,richmond,-10.013,159,-0.0986,0.0064,108.71,1418
2025,6,maine,-10.217,160,-0.0729,-0.021,108.71,1418
2025,6,bowling green,-10.221,161,-0.093,-0.0011,108.71,1418
2025,6,central michigan,-10.277,162,-0.07,-0.0245,108.71,1418
2025,6,florida international,-10.38,163,-0.0818,-0.0136,108.71,1418
2025,6,northwestern,-10.388,164,-0.0555,-0.04,108.71,1418
2025,6,brown,-10.726,165,-0.0916,-0.0071,108.71,1418
2025,6,uab,-10.983,166,0.0353,-0.1363,108.71,1418
2025,6,ucla,-11.344,167,0.002,-0.1064,108.71,1418
2025,6,rice,-11.43,168,-0.0849,-0.0202,108.71,1418
2025,6,princeton,-11.722,169,-0.0201,-0.0877,108.71,1418
2025,6,furman,-11.935,170,-0.0647,-0.0451,108.71,1418
2025,6,pace,-12.019,171,-0.0783,-0.0322,108.71,1418
2025,6,youngstown state,-12.093,172,0.0026,-0.1139,108.71,1418
2025,6,northeastern state,-12.131,173,-0.0542,-0.0574,108.71,1418
2025,6,erskine,-12.196,174,-0.0527,-0.0595,108.71,1418
2025,6,georgia southern,-12.766,175,0.0037,-0.1211,108.71,1418
2025,6,new haven,-12.844,176,-0.0487,-0.0695,108.71,1418
2025,6,tulsa,-13.062,177,-0.1043,-0.0158,108.71,1418
2025,6,alabama a and m,-13.096,178,-0.04,-0.0804,108.71,1418
2025,6,illinois state,-13.151,179,-0.0459,-0.0751,108.71,1418
2025,6,colgate,-13.438,180,0.0117,-0.1353,108.71,1418
2025,6,kennesaw state,-13.641,181,-0.0471,-0.0784,108.71,1418
2025,6,app state,-13.76,182,-0.1051,-0.0215,108.71,1418
2025,6,butler,-13.84,183,-0.0643,-0.063,108.71,1418
2025,6,kentucky state,-13.873,184,-0.032,-0.0957,108.71,1418
2025,6,western carolina,-13.876,185,-0.0122,-0.1154,108.71,1418
2025,6,east tennessee state,-14.02,186,-0.0466,-0.0824,108.71,1418
2025,6,abilene christian,-14.156,187,-0.0189,-0.1113,108.71,1418
2025,6,georgia state,-14.239,188,-0.0438,-0.0872,108.71,1418
2025,6,northern illinois,-14.45,189,-0.1352,0.0023,108.71,1418
2025,6,allen,-14.473,190,-0.0265,-0.1066,108.71,1418
2025,6,north carolina,-14.54,191,-0.1105,-0.0232,108.71,1418
2025,6,incarnate word,-14.797,192,-0.1022,-0.0339,108.71,1418
2025,6,virginia state,-15.138,193,-0.0927,-0.0465,108.71,1418
2025,6,buffalo,-15.146,194,-0.1024,-0.037,108.71,1418
2025,6,nevada,-15.211,195,-0.1138,-0.0261,108.71,1418
2025,6,north alabama,-15.286,196,-0.0824,-0.0582,108.71,1418
2025,6,washington state,-15.679,197,-0.069,-0.0752,108.71,1418
2025,6,towson,-15.742,198,-0.0708,-0.074,108.71,1418
2025,6,east texas a and m,-15.84,199,-0.054,-0.0917,108.71,1418
2025,6,william and mary,-15.932,200,-0.0456,-0.101,108.71,1418
2025,6,utah tech,-15.952,201,-0.1277,-0.019,108.71,1418
2025,6,valparaiso,-16.113,202,-0.1917,0.0434,108.71,1418
2025,6,long island university,-16.114,203,-0.1382,-0.01,108.71,1418
2025,6,hampton,-16.732,204,-0.0503,-0.1036,108.71,1418
2025,6,central state,-16.773,205,-0.1661,0.0118,108.71,1418
2025,6,georgetown,-16.794,206,-0.0671,-0.0874,108.71,1418
2025,6,new mexico state,-16.812,207,-0.1215,-0.0331,108.71,1418
2025,6,lindenwood,-16.827,208,-0.0545,-0.1003,108.71,1418
2025,6,missouri state,-16.95,209,-0.048,-0.1079,108.71,1418
2025,6,mckendree,-17.136,210,-0.1114,-0.0463,108.71,1418
2025,6,hawaii,-17.173,211,-0.1186,-0.0394,108.71,1418
2025,6,new hampshire,-17.364,212,-0.1083,-0.0514,108.71,1418
2025,6,miles,-17.372,213,-0.1233,-0.0365,108.71,1418
2025,6,middle tennessee,-17.418,214,-0.0862,-0.0741,108.71,1418
2025,6,yale,-17.62,215,-0.1346,-0.0275,108.71,1418
2025,6,upper iowa,-17.666,216,-0.0961,-0.0664,108.71,1418
2025,6,eastern illinois,-17.787,217,-0.0832,-0.0805,108.71,1418
2025,6,eastern kentucky,-17.882,218,-0.1762,0.0117,108.71,1418
2025,6,morgan state,-17.933,219,-0.1286,-0.0364,108.71,1418
2025,6,duquesne,-17.975,220,-0.0634,-0.1019,108.71,1418
2025,6,merrimack,-18.026,221,-0.1255,-0.0403,108.71,1418
2025,6,edward waters,-18.207,222,-0.1537,-0.0138,108.71,1418
2025,6,norfolk state,-18.431,223,-0.0923,-0.0772,108.71,1418
2025,6,stonehill,-18.485,224,-0.1426,-0.0275,108.71,1418
2025,6,sacred heart,-18.493,225,-0.0198,-0.1503,108.71,1418
2025,6,bethune cookman,-18.577,226,0.0085,-0.1793,108.71,1418
2025,6,lane college,-18.598,227,-0.1747,0.0036,108.71,1418
2025,6,prairie view a and m,-18.757,228,-0.0754,-0.0971,108.71,1418
2025,6,mercyhurst,-18.763,229,-0.045,-0.1276,108.71,1418
2025,6,tuskegee,-18.797,230,-0.1012,-0.0717,108.71,1418
2025,6,fayetteville state,-18.955,231,-0.0932,-0.0812,108.71,1418
2025,6,weber state,-19.033,232,-0.0945,-0.0806,108.71,1418
2025,6,gardner webb,-19.088,233,-0.0284,-0.1472,108.71,1418
2025,6,northern arizona,-19.105,234,-0.0127,-0.163,108.71,1418
2025,6,grambling,-19.23,235,-0.0955,-0.0814,108.71,1418
2025,6,marist,-19.278,236,-0.196,0.0186,108.71,1418
2025,6,san diego,-19.381,237,-0.0969,-0.0814,108.71,1418
2025,6,lamar,-19.496,238,-0.1284,-0.0509,108.71,1418
2025,6,ball state,-19.674,239,-0.0901,-0.0909,108.71,1418
2025,6,florida a and m,-19.843,240,-0.1128,-0.0697,108.71,1418
2025,6,lincoln pa,-20.013,241,-0.1092,-0.0749,108.71,1418
2025,6,kentucky christian,-20.271,242,-0.0067,-0.1798,108.71,1418
2025,6,northern michigan,-20.313,243,-0.122,-0.0648,108.71,1418
2025,6,nicholls,-20.336,244,-0.1704,-0.0166,108.71,1418
2025,6,charleston southern,-20.391,245,-0.0999,-0.0877,108.71,1418
2025,6,thomas more,-20.401,246,-0.1609,-0.0268,108.71,1418
2025,6,eastern michigan,-20.618,247,-0.0015,-0.1881,108.71,1418
2025,6,bucknell,-20.994,248,0.0002,-0.1933,108.71,1418
2025,6,bryant,-20.996,249,-0.1334,-0.0598,108.71,1418
2025,6,west liberty,-21.048,250,-0.0903,-0.1033,108.71,1418
2025,6,bluefield,-21.765,251,-0.1022,-0.098,108.71,1418
2025,6,central connecticut,-21.839,252,-0.1221,-0.0788,108.71,1418
2025,6,american international,-21.971,253,-0.1476,-0.0545,108.71,1418
2025,6,mcneese,-22.031,254,-0.1138,-0.0888,108.71,1418
2025,6,central arkansas,-22.031,255,-0.0793,-0.1234,108.71,1418
2025,6,ualbany,-22.085,256,-0.1291,-0.074,108.71,1418
2025,6,holy cross,-22.1,257,-0.1416,-0.0617,108.71,1418
2025,6,hanover,-22.208,258,-0.1556,-0.0486,108.71,1418
2025,6,eastern washington,-22.228,259,-0.096,-0.1085,108.71,1418
2025,6,northern iowa,-22.274,260,-0.1108,-0.0941,108.71,1418
2025,6,western oregon,-22.328,261,-0.1235,-0.0819,108.71,1418
2025,6,samford,-22.468,262,-0.1381,-0.0686,108.71,1418
2025,6,vmi,-22.552,263,-0.118,-0.0894,108.71,1418
2025,6,bentley,-22.847,264,-0.1058,-0.1044,108.71,1418
2025,6,akron,-23.155,265,-0.1218,-0.0912,108.71,1418
2025,6,charlotte,-23.224,266,-0.1085,-0.1051,108.71,1418
2025,6,louisiana,-23.362,267,-0.1236,-0.0913,108.71,1418
2025,6,texas southern,-23.386,268,-0.1349,-0.0802,108.71,1418
2025,6,wofford,-23.423,269,-0.2187,0.0032,108.71,1418
2025,6,sam houston,-23.586,270,-0.1132,-0.1038,108.71,1418
2025,6,fordham,-23.828,271,-0.148,-0.0712,108.71,1418
2025,6,the citadel,-23.861,272,-0.1452,-0.0742,108.71,1418
2025,6,robert morris,-24.538,273,-0.1481,-0.0776,108.71,1418
2025,6,greensboro,-24.538,274,-0.1316,-0.0941,108.71,1418
2025,6,southeast missouri state,-24.698,275,-0.0787,-0.1485,108.71,1418
2025,6,warner,-24.812,276,-0.1024,-0.1258,108.71,1418
2025,6,ferrum,-24.824,277,-0.1561,-0.0723,108.71,1418
2025,6,southern,-24.923,278,-0.1234,-0.1059,108.71,1418
2025,6,indiana state,-24.968,279,-0.0585,-0.1712,108.71,1418
2025,6,arkansas state,-25.451,280,-0.1161,-0.118,108.71,1418
2025,6,ut martin,-25.505,281,-0.1086,-0.126,108.71,1418
2025,6,kent state,-25.594,282,-0.1376,-0.0978,108.71,1418
2025,6,stetson,-26.959,283,-0.1137,-0.1342,108.71,1418
2025,6,saint francis,-27.916,284,-0.1833,-0.0734,108.71,1418
2025,6,tennessee state,-28.005,285,-0.1869,-0.0707,108.71,1418
2025,6,north carolina a and t,-28.94,286,-0.1201,-0.1461,108.71,1418
2025,6,savannah state,-29.05,287,-0.2025,-0.0647,108.71,1418
2025,6,virginia lynchburg,-29.197,288,-0.1598,-0.1087,108.71,1418
2025,6,campbell,-29.502,289,-0.138,-0.1334,108.71,1418
2025,6,morehouse,-29.771,290,-0.1138,-0.16,108.71,1418
2025,6,mississippi valley state,-30.541,291,-0.1797,-0.1012,108.71,1418
2025,6,louisiana christian,-30.717,292,-0.1285,-0.154,108.71,1418
2025,6,wagner,-30.892,293,-0.2201,-0.0641,108.71,1418
2025,6,western illinois,-30.999,294,-0.1178,-0.1673,108.71,1418
2025,6,morehead state,-31.37,295,-0.0849,-0.2036,108.71,1418
2025,6,oklahoma state,-31.394,296,-0.1832,-0.1056,108.71,1418
2025,6,alcorn state,-31.83,297,-0.1869,-0.1059,108.71,1418
2025,6,arkansas baptist,-31.961,298,-0.162,-0.132,108.71,1418
2025,6,massachusetts,-32.48,299,-0.1747,-0.1241,108.71,1418
2025,6,cumberland tn,-32.755,300,-0.1779,-0.1234,108.71,1418
2025,6,murray state,-33.845,301,-0.1297,-0.1816,108.71,1418
2025,6,davidson,-34.448,302,-0.1139,-0.203,108.71,1418
2025,6,portland state,-34.829,303,-0.1891,-0.1313,108.71,1418
2025,6,arkansas pine bluff,-36.062,304,-0.1522,-0.1795,108.71,1418
2025,6,langston,-48.714,305,-0.2524,-0.1957,108.71,1418
2025,6,lincoln ca,-49.886,306,-0.2174,-0.2415,108.71,1418
2025,6,sul ross state,-52.849,307,-0.2558,-0.2304,108.71,1418
2025,6,northwestern state,-54.611,308,-0.3102,-0.1922,108.71,1418
2025,7,indiana,33.237,1,0.1621,0.1508,106.24,1638
2025,7,ohio state,30.523,2,0.1343,0.153,106.24,1638
2025,7,utah,27.918,3,0.1649,0.0979,106.24,1638
2025,7,usc,26.08,4,0.2365,0.009,106.24,1638
2025,7,texas tech,25.865,5,0.1242,0.1193,106.24,1638
2025,7,oregon,24.433,6,0.1382,0.0918,106.24,1638
2025,7,miami,23.194,7,0.0727,0.1456,106.24,1638
2025,7,north dakota state,23.174,8,0.1461,0.072,106.24,1638
2025,7,old dominion,22.359,9,0.1249,0.0855,106.24,1638
2025,7,vanderbilt,22.105,10,0.1958,0.0123,106.24,1638
2025,7,oklahoma,21.514,11,0.0139,0.1886,106.24,1638
2025,7,byu,21.158,12,0.1033,0.0958,106.24,1638
2025,7,alabama,19.282,13,0.1195,0.062,106.24,1638
2025,7,presbyterian,19.254,14,0.0944,0.0869,106.24,1638
2025,7,florida state,18.743,15,0.153,0.0234,106.24,1638
2025,7,washington,17.98,16,0.1526,0.0166,106.24,1638
2025,7,notre dame,17.887,17,0.1148,0.0536,106.24,1638
2025,7,texas,16.747,18,0.0323,0.1253,106.24,1638
2025,7,tennessee tech,16.686,19,0.0598,0.0972,106.24,1638
2025,7,texas a and m,15.252,20,0.0617,0.0818,106.24,1638
2025,7,missouri,15.206,21,0.0827,0.0605,106.24,1638
2025,7,michigan,15.203,22,0.0756,0.0675,106.24,1638
2025,7,toledo,15.004,23,0.0252,0.116,106.24,1638
2025,7,south florida,14.764,24,0.0779,0.0611,106.24,1638
2025,7,harvard,14.233,25,0.0556,0.0783,106.24,1638
2025,7,tennessee,14.01,26,0.1128,0.0191,106.24,1638
2025,7,memphis,13.986,27,0.0745,0.0572,106.24,1638
2025,7,florida,13.423,28,0.0291,0.0973,106.24,1638
2025,7,georgia,13.205,29,0.0402,0.0841,106.24,1638
2025,7,san diego state,12.38,30,0.0046,0.112,106.24,1638
2025,7,pittsburgh,12.128,31,0.0501,0.064,106.24,1638
2025,7,kansas,11.819,32,0.0976,0.0136,106.24,1638
2025,7,cincinnati,11.705,33,0.142,-0.0318,106.24,1638
2025,7,lsu,11.512,34,0.0229,0.0855,106.24,1638
2025,7,auburn,10.876,35,0.0041,0.0982,106.24,1638
2025,7,louisville,10.604,36,0.0194,0.0804,106.24,1638
2025,7,arkansas,10.49,37,0.151,-0.0522,106.24,1638
2025,7,duke,10.37,38,0.1184,-0.0208,106.24,1638
2025,7,montana state,10.204,39,0.1009,-0.0049,106.24,1638
2025,7,nebraska,9.86,40,0.0643,0.0285,106.24,1638
2025,7,mississippi state,9.139,41,0.0737,0.0123,106.24,1638
2025,7,ole miss,8.964,42,0.0763,0.0081,106.24,1638
2025,7,nc state,8.696,43,0.0538,0.028,106.24,1638
2025,7,virginia,8.584,44,0.0838,-0.003,106.24,1638
2025,7,tarleton state,8.389,45,0.0775,0.0014,106.24,1638
2025,7,iowa,8.037,46,-0.0127,0.0884,106.24,1638
2025,7,illinois,7.756,47,0.0691,0.0039,106.24,1638
2025,7,east carolina,7.708,48,0.024,0.0485,106.24,1638
2025,7,southern illinois,7.55,49,0.1273,-0.0562,106.24,1638
2025,7,ut rio grande valley,7.507,50,0.0568,0.0138,106.24,1638
2025,7,boise state,7.409,51,0.0146,0.0551,106.24,1638
2025,7,georgia tech,7.21,52,0.0725,-0.0046,106.24,1638
2025,7,james madison,7.085,53,-0.0468,0.1135,106.24,1638
2025,7,iowa state,6.777,54,0.028,0.0358,106.24,1638
2025,7,mercer,6.729,55,0.0456,0.0178,106.24,1638
2025,7,navy,6.445,56,0.1319,-0.0712,106.24,1638
2025,7,north texas,6.326,57,0.0849,-0.0254,106.24,1638
2025,7,smu,5.938,58,0.0159,0.04,106.24,1638
2025,7,wake forest,5.338,59,-0.0531,0.1033,106.24,1638
2025,7,clemson,4.985,60,0.0121,0.0348,106.24,1638
2025,7,penn state,4.915,61,0.0097,0.0366,106.24,1638
2025,7,tcu,4.222,62,0.0714,-0.0317,106.24,1638
2025,7,south dakota state,4.162,63,-0.025,0.0642,106.24,1638
2025,7,se louisiana,4.06,64,0.0314,0.0068,106.24,1638
2025,7,south carolina,3.914,65,-0.04,0.0768,106.24,1638
2025,7,utsa,3.657,66,0.0032,0.0312,106.24,1638
2025,7,monmouth,3.191,67,0.141,-0.111,106.24,1638
2025,7,ucf,3.039,68,-0.0018,0.0304,106.24,1638
2025,7,austin peay,2.931,69,0.0524,-0.0248,106.24,1638
2025,7,baylor,2.389,70,0.0727,-0.0502,106.24,1638
2025,7,uconn,2.219,71,0.067,-0.0462,106.24,1638
2025,7,uc davis,2.117,72,0.0669,-0.047,106.24,1638
2025,7,lehigh,2.016,73,0.0447,-0.0258,106.24,1638
2025,7,arizona,0.76,74,-0.055,0.0622,106.24,1638
2025,7,western kentucky,0.573,75,0.0116,-0.0062,106.24,1638
2025,7,west virginia,0.482,76,-0.0372,0.0417,106.24,1638
2025,7,jackson state,0.45,77,0.0304,-0.0261,106.24,1638
2025,7,west georgia,0.414,78,-0.057,0.0609,106.24,1638
2025,7,purdue,0.266,79,0.0096,-0.0071,106.24,1638
2025,7,north dakota,0.241,80,-0.0038,0.0061,106.24,1638
2025,7,delaware state,0.147,81,0.104,-0.1026,106.24,1638
2025,7,alabama state,-0.077,82,0.1314,-0.1321,106.24,1638
2025,7,arizona state,-0.41,83,-0.0235,0.0197,106.24,1638
2025,7,southern utah,-0.674,84,0.1122,-0.1185,106.24,1638
2025,7,liberty,-0.72,85,-0.0263,0.0195,106.24,1638
2025,7,unlv,-0.93,86,0.054,-0.0627,106.24,1638
2025,7,north carolina central,-1.216,87,0.0069,-0.0183,106.24,1638
2025,7,dayton,-1.329,88,-0.0087,-0.0038,106.24,1638
2025,7,california,-1.594,89,-0.0598,0.0448,106.24,1638
2025,7,new mexico,-1.791,90,-0.0059,-0.011,106.24,1638
2025,7,stephen f austin,-1.822,91,-0.0995,0.0823,106.24,1638
2025,7,louisiana tech,-1.823,92,-0.0957,0.0785,106.24,1638
2025,7,tulane,-1.902,93,-0.0269,0.009,106.24,1638
2025,7,maryland,-1.967,94,-0.0855,0.067,106.24,1638
2025,7,sacramento state,-1.97,95,0.0084,-0.0269,106.24,1638
2025,7,pennsylvania,-2.105,96,0.0238,-0.0436,106.24,1638
2025,7,dartmouth,-2.122,97,0.031,-0.051,106.24,1638
2025,7,kansas state,-2.127,98,-0.023,0.003,106.24,1638
2025,7,drake,-2.258,99,-0.0167,-0.0046,106.24,1638
2025,7,colorado state,-2.273,100,0.0178,-0.0392,106.24,1638
2025,7,rutgers,-2.293,101,0.0673,-0.0889,106.24,1638
2025,7,texas state,-2.343,102,0.0709,-0.093,106.24,1638
2025,7,rhode island,-2.399,103,0.011,-0.0336,106.24,1638
2025,7,southern miss,-2.553,104,-0.0293,0.0052,106.24,1638
2025,7,northern colorado,-2.636,105,-0.0567,0.0319,106.24,1638
2025,7,fresno state,-2.664,106,-0.0102,-0.0149,106.24,1638
2025,7,new haven,-2.921,107,-0.0098,-0.0177,106.24,1638
2025,7,elon,-3.018,108,-0.043,0.0146,106.24,1638
2025,7,minnesota,-3.324,109,-0.0447,0.0134,106.24,1638
2025,7,idaho state,-3.562,110,0.0231,-0.0566,106.24,1638
2025,7,delaware,-3.707,111,0.0206,-0.0555,106.24,1638
2025,7,boston college,-3.95,112,0.0002,-0.0374,106.24,1638
2025,7,villanova,-4.043,113,0.0369,-0.0749,106.24,1638
2025,7,chadron state,-4.124,114,-0.032,-0.0069,106.24,1638
2025,7,houston,-4.127,115,-0.1055,0.0667,106.24,1638
2025,7,montana,-4.225,116,-0.0171,-0.0226,106.24,1638
2025,7,utah state,-4.286,117,0.0142,-0.0545,106.24,1638
2025,7,ohio,-4.33,118,-0.0249,-0.0158,106.24,1638
2025,7,western michigan,-4.333,119,-0.1188,0.078,106.24,1638
2025,7,colorado,-4.483,120,0.004,-0.0462,106.24,1638
2025,7,miami oh,-4.733,121,-0.0737,0.0291,106.24,1638
2025,7,adrian,-4.739,122,-0.0382,-0.0064,106.24,1638
2025,7,florida atlantic,-4.876,123,-0.013,-0.0329,106.24,1638
2025,7,army,-5.026,124,-0.0474,0.0001,106.24,1638
2025,7,san jose state,-5.179,125,0.0236,-0.0723,106.24,1638
2025,7,saginaw valley state,-5.455,126,-0.0294,-0.022,106.24,1638
2025,7,temple,-6.294,127,-0.0135,-0.0458,106.24,1638
2025,7,troy,-6.386,128,-0.0478,-0.0123,106.24,1638
2025,7,northwestern,-6.541,129,-0.0297,-0.0318,106.24,1638
2025,7,ucla,-6.563,130,0.014,-0.0757,106.24,1638
2025,7,south carolina state,-6.619,131,-0.0659,0.0036,106.24,1638
2025,7,bowie state,-6.712,132,-0.0696,0.0064,106.24,1638
2025,7,marshall,-6.97,133,-0.0395,-0.0261,106.24,1638
2025,7,syracuse,-7.044,134,-0.0152,-0.0511,106.24,1638
2025,7,stony brook,-7.268,135,-0.079,0.0106,106.24,1638
2025,7,virginia tech,-7.394,136,0.0139,-0.0835,106.24,1638
2025,7,lafayette,-7.616,137,-0.0209,-0.0508,106.24,1638
2025,7,western carolina,-7.674,138,0.0112,-0.0835,106.24,1638
2025,7,kentucky,-7.746,139,-0.0588,-0.0142,106.24,1638
2025,7,cal poly,-7.751,140,-0.0547,-0.0183,106.24,1638
2025,7,michigan state,-7.803,141,-0.0447,-0.0287,106.24,1638
2025,7,south dakota,-8.147,142,0.0371,-0.1138,106.24,1638
2025,7,idaho,-8.281,143,0.0204,-0.0984,106.24,1638
2025,7,jacksonville state,-8.446,144,-0.0064,-0.0731,106.24,1638
2025,7,air force,-8.493,145,0.1376,-0.2176,106.24,1638
2025,7,webber international,-8.501,146,-0.0937,0.0136,106.24,1638
2025,7,state thomas mn,-8.582,147,-0.0101,-0.0707,106.24,1638
2025,7,wyoming,-8.642,148,-0.1168,0.0355,106.24,1638
2025,7,stanford,-8.852,149,-0.0538,-0.0295,106.24,1638
2025,7,kennesaw state,-9.033,150,-0.0205,-0.0646,106.24,1638
2025,7,pace,-9.043,151,-0.0627,-0.0224,106.24,1638
2025,7,coastal carolina,-9.066,152,-0.1296,0.0442,106.24,1638
2025,7,maine,-9.102,153,-0.0657,-0.02,106.24,1638
2025,7,brown,-9.186,154,-0.0598,-0.0267,106.24,1638
2025,7,richmond,-9.587,155,-0.0979,0.0077,106.24,1638
2025,7,wisconsin,-9.708,156,-0.0558,-0.0355,106.24,1638
2025,7,south alabama,-9.791,157,0.0051,-0.0973,106.24,1638
2025,7,texas wesleyan,-9.838,158,-0.0809,-0.0117,106.24,1638
2025,7,chattanooga,-10.059,159,-0.0622,-0.0325,106.24,1638
2025,7,cornell,-10.125,160,-0.1266,0.0313,106.24,1638
2025,7,east tennessee state,-10.21,161,-0.0666,-0.0295,106.24,1638
2025,7,bowling green,-10.234,162,-0.087,-0.0093,106.24,1638
2025,7,central michigan,-10.294,163,-0.0675,-0.0294,106.24,1638
2025,7,elizabeth city state,-10.321,164,-0.036,-0.0611,106.24,1638
2025,7,howard,-10.388,165,-0.0911,-0.0066,106.24,1638
2025,7,florida international,-10.394,166,-0.0828,-0.015,106.24,1638
2025,7,ul monroe,-10.864,167,-0.0454,-0.0569,106.24,1638
2025,7,washington state,-11.047,168,-0.0565,-0.0474,106.24,1638
2025,7,youngstown state,-11.107,169,-0.007,-0.0975,106.24,1638
2025,7,erskine,-11.69,170,-0.0611,-0.049,106.24,1638
2025,7,app state,-11.761,171,-0.0993,-0.0114,106.24,1638
2025,7,sacred heart,-12.24,172,-0.002,-0.1132,106.24,1638
2025,7,oregon state,-12.33,173,-0.0346,-0.0815,106.24,1638
2025,7,north carolina,-12.367,174,-0.0966,-0.0198,106.24,1638
2025,7,illinois state,-12.661,175,-0.0177,-0.1014,106.24,1638
2025,7,furman,-13.566,176,-0.077,-0.0506,106.24,1638
2025,7,georgia southern,-13.578,177,-0.009,-0.1188,106.24,1638
2025,7,tulsa,-13.588,178,-0.1121,-0.0158,106.24,1638
2025,7,allen,-13.789,179,-0.0167,-0.113,106.24,1638
2025,7,gardner webb,-13.897,180,-0.022,-0.1088,106.24,1638
2025,7,incarnate word,-14.049,181,-0.0962,-0.036,106.24,1638
2025,7,colgate,-14.083,182,-0.0023,-0.1303,106.24,1638
2025,7,northern illinois,-14.202,183,-0.1567,0.023,106.24,1638
2025,7,uab,-14.412,184,0.0063,-0.1419,106.24,1638
2025,7,rice,-14.51,185,-0.1115,-0.0251,106.24,1638
2025,7,buffalo,-14.597,186,-0.096,-0.0414,106.24,1638
2025,7,duquesne,-14.688,187,-0.0575,-0.0807,106.24,1638
2025,7,northeastern state,-14.738,188,-0.0651,-0.0736,106.24,1638
2025,7,eastern kentucky,-14.768,189,-0.1479,0.0089,106.24,1638
2025,7,abilene christian,-14.769,190,-0.0239,-0.1151,106.24,1638
2025,7,kentucky state,-14.837,191,-0.0373,-0.1023,106.24,1638
2025,7,yale,-14.999,192,-0.1226,-0.0186,106.24,1638
2025,7,east texas a and m,-15.156,193,-0.0794,-0.0632,106.24,1638
2025,7,new hampshire,-15.301,194,-0.0882,-0.0558,106.24,1638
2025,7,central arkansas,-15.31,195,-0.0555,-0.0886,106.24,1638
2025,7,missouri state,-15.525,196,-0.0457,-0.1005,106.24,1638
2025,7,alabama a and m,-15.628,197,-0.039,-0.1081,106.24,1638
2025,7,utah tech,-15.715,198,-0.1185,-0.0295,106.24,1638
2025,7,butler,-15.804,199,-0.0519,-0.0968,106.24,1638
2025,7,william and mary,-15.81,200,-0.0452,-0.1036,106.24,1638
2025,7,virginia state,-15.938,201,-0.1011,-0.0489,106.24,1638
2025,7,columbia,-15.966,202,-0.1579,0.0076,106.24,1638
2025,7,hawaii,-15.977,203,-0.1119,-0.0385,106.24,1638
2025,7,utep,-16.07,204,-0.1797,0.0284,106.24,1638
2025,7,houston christian,-16.166,205,-0.171,0.0188,106.24,1638
2025,7,long island university,-16.251,206,-0.1383,-0.0147,106.24,1638
2025,7,central state,-16.752,207,-0.1701,0.0124,106.24,1638
2025,7,lindenwood,-17.034,208,-0.0583,-0.1021,106.24,1638
2025,7,prairie view a and m,-17.055,209,-0.0687,-0.0918,106.24,1638
2025,7,fayetteville state,-17.063,210,-0.0857,-0.0749,106.24,1638
2025,7,morgan state,-17.085,211,-0.1171,-0.0437,106.24,1638
2025,7,new mexico state,-17.245,212,-0.128,-0.0343,106.24,1638
2025,7,stonehill,-17.259,213,-0.1365,-0.026,106.24,1638
2025,7,mckendree,-17.267,214,-0.1014,-0.0611,106.24,1638
2025,7,marist,-17.47,215,-0.1766,0.0122,106.24,1638
2025,7,georgia state,-17.5,216,-0.0692,-0.0955,106.24,1638
2025,7,towson,-17.587,217,-0.0712,-0.0944,106.24,1638
2025,7,miles,-17.742,218,-0.135,-0.032,106.24,1638
2025,7,lamar,-17.886,219,-0.1447,-0.0237,106.24,1638
2025,7,georgetown,-17.992,220,-0.0757,-0.0937,106.24,1638
2025,7,upper iowa,-18.14,221,-0.0966,-0.0741,106.24,1638
2025,7,merrimack,-18.177,222,-0.126,-0.0451,106.24,1638
2025,7,mercyhurst,-18.279,223,-0.0514,-0.1206,106.24,1638
2025,7,edward waters,-18.479,224,-0.1555,-0.0185,106.24,1638
2025,7,central connecticut,-18.584,225,-0.1082,-0.0667,106.24,1638
2025,7,ualbany,-18.603,226,-0.115,-0.0601,106.24,1638
2025,7,bethune cookman,-18.689,227,0.004,-0.1799,106.24,1638
2025,7,northern arizona,-18.858,228,-0.0134,-0.1641,106.24,1638
2025,7,lincoln pa,-19.106,229,-0.1037,-0.0761,106.24,1638
2025,7,princeton,-19.146,230,-0.0576,-0.1226,106.24,1638
2025,7,middle tennessee,-19.183,231,-0.0959,-0.0847,106.24,1638
2025,7,charleston southern,-19.406,232,-0.0984,-0.0843,106.24,1638
2025,7,kentucky christian,-19.455,233,0.0031,-0.1862,106.24,1638
2025,7,nicholls,-19.46,234,-0.1731,-0.0101,106.24,1638
2025,7,lane college,-19.626,235,-0.1855,0.0008,106.24,1638
2025,7,tuskegee,-19.641,236,-0.1142,-0.0707,106.24,1638
2025,7,northern michigan,-19.693,237,-0.1211,-0.0643,106.24,1638
2025,7,eastern michigan,-19.701,238,-0.0191,-0.1663,106.24,1638
2025,7,norfolk state,-19.921,239,-0.0901,-0.0974,106.24,1638
2025,7,san diego,-19.924,240,-0.116,-0.0716,106.24,1638
2025,7,nevada,-20.156,241,-0.1354,-0.0543,106.24,1638
2025,7,wofford,-20.25,242,-0.1935,0.0029,106.24,1638
2025,7,texas southern,-20.262,243,-0.1267,-0.064,106.24,1638
2025,7,bucknell,-20.387,244,-0.0097,-0.1822,106.24,1638
2025,7,thomas more,-20.494,245,-0.1725,-0.0204,106.24,1638
2025,7,samford,-20.909,246,-0.13,-0.0668,106.24,1638
2025,7,bluefield,-21.04,247,-0.1106,-0.0874,106.24,1638
2025,7,american international,-21.059,248,-0.1452,-0.053,106.24,1638
2025,7,eastern illinois,-21.104,249,-0.1267,-0.0719,106.24,1638
2025,7,grambling,-21.108,250,-0.106,-0.0927,106.24,1638
2025,7,louisiana,-21.114,251,-0.1074,-0.0913,106.24,1638
2025,7,charlotte,-21.12,252,-0.1087,-0.09,106.24,1638
2025,7,eastern washington,-21.18,253,-0.0963,-0.1031,106.24,1638
2025,7,bryant,-21.268,254,-0.1188,-0.0813,106.24,1638
2025,7,holy cross,-21.413,255,-0.1388,-0.0627,106.24,1638
2025,7,northern iowa,-21.647,256,-0.1259,-0.0778,106.24,1638
2025,7,the citadel,-21.685,257,-0.1382,-0.066,106.24,1638
2025,7,west liberty,-21.959,258,-0.0947,-0.1119,106.24,1638
2025,7,valparaiso,-22.039,259,-0.2221,0.0147,106.24,1638
2025,7,north alabama,-22.063,260,-0.1215,-0.0861,106.24,1638
2025,7,sam houston,-22.417,261,-0.1109,-0.1001,106.24,1638
2025,7,hanover,-22.428,262,-0.166,-0.0451,106.24,1638
2025,7,western oregon,-22.632,263,-0.1206,-0.0924,106.24,1638
2025,7,mcneese,-22.706,264,-0.1206,-0.0931,106.24,1638
2025,7,akron,-22.742,265,-0.1179,-0.0962,106.24,1638
2025,7,southeast missouri state,-22.862,266,-0.0881,-0.1271,106.24,1638
2025,7,bentley,-23.085,267,-0.1146,-0.1027,106.24,1638
2025,7,alcorn state,-23.422,268,-0.1625,-0.0579,106.24,1638
2025,7,hampton,-23.437,269,-0.0947,-0.1259,106.24,1638
2025,7,weber state,-23.729,270,-0.1079,-0.1154,106.24,1638
2025,7,campbell,-23.758,271,-0.1228,-0.1008,106.24,1638
2025,7,arkansas state,-24.134,272,-0.1132,-0.114,106.24,1638
2025,7,kent state,-24.155,273,-0.1445,-0.0829,106.24,1638
2025,7,southern,-24.316,274,-0.1331,-0.0957,106.24,1638
2025,7,fordham,-24.427,275,-0.1523,-0.0776,106.24,1638
2025,7,indiana state,-24.44,276,-0.0936,-0.1364,106.24,1638
2025,7,ball state,-24.794,277,-0.128,-0.1054,106.24,1638
2025,7,greensboro,-25.387,278,-0.1407,-0.0983,106.24,1638
2025,7,warner,-25.643,279,-0.1039,-0.1375,106.24,1638
2025,7,saint francis,-26.496,280,-0.1861,-0.0633,106.24,1638
2025,7,ferrum,-26.532,281,-0.1532,-0.0965,106.24,1638
2025,7,robert morris,-26.627,282,-0.1645,-0.0861,106.24,1638
2025,7,vmi,-27.334,283,-0.1813,-0.0759,106.24,1638
2025,7,western illinois,-27.389,284,-0.0811,-0.1767,106.24,1638
2025,7,savannah state,-27.948,285,-0.1937,-0.0693,106.24,1638
2025,7,mississippi valley state,-27.99,286,-0.1491,-0.1144,106.24,1638
2025,7,morehead state,-28.068,287,-0.0947,-0.1695,106.24,1638
2025,7,ut martin,-28.982,288,-0.1116,-0.1612,106.24,1638
2025,7,stetson,-29.009,289,-0.1392,-0.1338,106.24,1638
2025,7,north carolina a and t,-30.393,290,-0.1404,-0.1457,106.24,1638
2025,7,wagner,-30.424,291,-0.2304,-0.056,106.24,1638
2025,7,florida a and m,-30.715,292,-0.1787,-0.1104,106.24,1638
2025,7,louisiana christian,-30.919,293,-0.1315,-0.1595,106.24,1638
2025,7,tennessee state,-31.312,294,-0.2098,-0.0849,106.24,1638
2025,7,morehouse,-31.619,295,-0.124,-0.1736,106.24,1638
2025,7,massachusetts,-32.394,296,-0.1877,-0.1172,106.24,1638
2025,7,cumberland tn,-32.705,297,-0.1747,-0.1331,106.24,1638
2025,7,oklahoma state,-32.738,298,-0.1814,-0.1267,106.24,1638
2025,7,arkansas baptist,-33.957,299,-0.177,-0.1426,106.24,1638
2025,7,portland state,-34.464,300,-0.1906,-0.1337,106.24,1638
2025,7,virginia lynchburg,-34.468,301,-0.1667,-0.1577,106.24,1638
2025,7,arkansas pine bluff,-34.766,302,-0.1431,-0.1841,106.24,1638
2025,7,murray state,-35.507,303,-0.1064,-0.2278,106.24,1638
2025,7,davidson,-36.362,304,-0.1168,-0.2254,106.24,1638
2025,7,western connecticut state,-36.873,305,-0.1969,-0.1502,106.24,1638
2025,7,southern connecticut state,-39.471,306,-0.1226,-0.2489,106.24,1638
2025,7,northwestern state,-46.727,307,-0.2498,-0.19,106.24,1638
2025,7,langston,-48.911,308,-0.2579,-0.2024,106.24,1638
2025,7,sul ross state,-52.72,309,-0.2605,-0.2357,106.24,1638
2025,7,lincoln ca,-59.927,310,-0.2827,-0.2813,106.24,1638
2025,8,ohio state,33.084,1,0.1566,0.1645,103.04,1856
2025,8,oregon,32.361,2,0.1837,0.1303,103.04,1856
2025,8,indiana,30.059,3,0.1751,0.1166,103.04,1856
2025,8,utah,29.055,4,0.172,0.11,103.04,1856
2025,8,texas tech,24.226,5,0.1065,0.1286,103.04,1856
2025,8,usc,23.872,6,0.2085,0.0231,103.04,1856
2025,8,oklahoma,23.016,7,0.0218,0.2016,103.04,1856
2025,8,north dakota state,22.391,8,0.133,0.0843,103.04,1856
2025,8,miami,19.956,9,0.0678,0.1258,103.04,1856
2025,8,vanderbilt,19.568,10,0.1923,-0.0024,103.04,1856
2025,8,notre dame,18.485,11,0.095,0.0844,103.04,1856
2025,8,byu,18.203,12,0.0824,0.0943,103.04,1856
2025,8,alabama,18.004,13,0.112,0.0627,103.04,1856
2025,8,presbyterian,17.796,14,0.0963,0.0764,103.04,1856
2025,8,old dominion,17.318,15,0.1172,0.0509,103.04,1856
2025,8,florida state,17.149,16,0.1337,0.0327,103.04,1856
2025,8,tennessee tech,16.315,17,0.0732,0.0851,103.04,1856
2025,8,washington,16.247,18,0.1409,0.0168,103.04,1856
2025,8,missouri,15.709,19,0.0824,0.07,103.04,1856
2025,8,texas a and m,15.456,20,0.093,0.0569,103.04,1856
2025,8,michigan,14.341,21,0.0722,0.067,103.04,1856
2025,8,south florida,14.114,22,0.0753,0.0617,103.04,1856
2025,8,toledo,13.776,23,0.0375,0.0962,103.04,1856
2025,8,tennessee,13.665,24,0.1047,0.0279,103.04,1856
2025,8,cincinnati,12.917,25,0.1602,-0.0349,103.04,1856
2025,8,texas,12.841,26,0.0068,0.1178,103.04,1856
2025,8,georgia,12.621,27,0.0719,0.0506,103.04,1856
2025,8,lsu,12.393,28,0.0306,0.0897,103.04,1856
2025,8,louisville,12.056,29,0.0311,0.0859,103.04,1856
2025,8,san diego state,11.65,30,0.0025,0.1106,103.04,1856
2025,8,florida,11.507,31,0.0186,0.093,103.04,1856
2025,8,kansas,11.481,32,0.0983,0.0131,103.04,1856
2025,8,harvard,11.364,33,0.0576,0.0527,103.04,1856
2025,8,memphis,11.357,34,0.0598,0.0504,103.04,1856
2025,8,pittsburgh,11.306,35,0.0249,0.0848,103.04,1856
2025,8,ole miss,10.919,36,0.1094,-0.0034,103.04,1856
2025,8,auburn,10.194,37,-0.007,0.1059,103.04,1856
2025,8,montana state,9.909,38,0.1064,-0.0102,103.04,1856
2025,8,arkansas,9.663,39,0.1738,-0.08,103.04,1856
2025,8,georgia tech,9.611,40,0.0793,0.014,103.04,1856
2025,8,james madison,9.522,41,-0.0167,0.1091,103.04,1856
2025,8,mississippi state,9.264,42,0.0712,0.0187,103.04,1856
2025,8,boise state,9.058,43,0.0398,0.0481,103.04,1856
2025,8,north texas,8.992,44,0.1059,-0.0186,103.04,1856
2025,8,tarleton state,8.712,45,0.0805,0.004,103.04,1856
2025,8,penn state,8.204,46,0.0254,0.0542,103.04,1856
2025,8,smu,8.025,47,0.0294,0.0485,103.04,1856
2025,8,nc state,7.604,48,0.0548,0.019,103.04,1856
2025,8,duke,7.527,49,0.1007,-0.0277,103.04,1856
2025,8,nebraska,7.324,50,0.0381,0.0329,103.04,1856
2025,8,illinois,7.073,51,0.0667,0.0019,103.04,1856
2025,8,navy,7.056,52,0.1326,-0.0641,103.04,1856
2025,8,iowa state,6.952,53,0.0278,0.0396,103.04,1856
2025,8,ucf,6.439,54,0.0158,0.0467,103.04,1856
2025,8,mercer,6.21,55,0.0338,0.0265,103.04,1856
2025,8,wake forest,6.172,56,-0.0499,0.1098,103.04,1856
2025,8,east carolina,6.116,57,0.0146,0.0448,103.04,1856
2025,8,tcu,5.077,58,0.0639,-0.0146,103.04,1856
2025,8,iowa,4.289,59,-0.0387,0.0803,103.04,1856
2025,8,virginia,4.226,60,0.0501,-0.0091,103.04,1856
2025,8,southern illinois,3.891,61,0.1161,-0.0784,103.04,1856
2025,8,se louisiana,3.878,62,0.0204,0.0173,103.04,1856
2025,8,clemson,3.837,63,0.0099,0.0273,103.04,1856
2025,8,north dakota,3.576,64,0.0063,0.0284,103.04,1856
2025,8,baylor,3.38,65,0.0627,-0.0299,103.04,1856
2025,8,south dakota state,3.356,66,-0.0292,0.0618,103.04,1856
2025,8,uconn,3.326,67,0.0756,-0.0433,103.04,1856
2025,8,ut rio grande valley,3.062,68,0.0295,0.0002,103.04,1856
2025,8,lehigh,2.866,69,0.0457,-0.0179,103.04,1856
2025,8,arizona state,2.337,70,-0.0148,0.0374,103.04,1856
2025,8,austin peay,2.334,71,0.0441,-0.0215,103.04,1856
2025,8,south carolina,2.157,72,-0.0471,0.068,103.04,1856
2025,8,monmouth,2.115,73,0.1285,-0.1079,103.04,1856
2025,8,arizona,1.612,74,-0.0144,0.0301,103.04,1856
2025,8,utsa,1.477,75,-0.01,0.0244,103.04,1856
2025,8,stephen f austin,1.191,76,-0.0845,0.096,103.04,1856
2025,8,uc davis,1.174,77,0.0663,-0.0549,103.04,1856
2025,8,dartmouth,0.785,78,0.0405,-0.0329,103.04,1856
2025,8,rhode island,0.542,79,0.0324,-0.0271,103.04,1856
2025,8,pennsylvania,0.104,80,0.0438,-0.0428,103.04,1856
2025,8,purdue,-0.384,81,-0.0031,-0.0006,103.04,1856
2025,8,texas state,-0.579,82,0.0683,-0.0739,103.04,1856
2025,8,jackson state,-0.734,83,0.0271,-0.0343,103.04,1856
2025,8,kansas state,-0.87,84,-0.0199,0.0115,103.04,1856
2025,8,alabama state,-0.957,85,0.1253,-0.1346,103.04,1856
2025,8,drake,-1.19,86,0.0022,-0.0138,103.04,1856
2025,8,delaware state,-1.216,87,0.0949,-0.1067,103.04,1856
2025,8,minnesota,-1.268,88,-0.0445,0.0322,103.04,1856
2025,8,elon,-1.306,89,-0.0408,0.0281,103.04,1856
2025,8,tulane,-1.552,90,-0.0084,-0.0066,103.04,1856
2025,8,louisiana tech,-1.655,91,-0.0922,0.0761,103.04,1856
2025,8,california,-1.959,92,-0.0636,0.0446,103.04,1856
2025,8,temple,-2.14,93,0.0138,-0.0345,103.04,1856
2025,8,north carolina central,-2.424,94,-0.0045,-0.019,103.04,1856
2025,8,west georgia,-2.541,95,-0.0703,0.0456,103.04,1856
2025,8,northern colorado,-2.605,96,-0.0439,0.0186,103.04,1856
2025,8,western kentucky,-2.63,97,-0.0118,-0.0137,103.04,1856
2025,8,fresno state,-2.664,98,-0.0117,-0.0141,103.04,1856
2025,8,delaware,-2.856,99,0.014,-0.0417,103.04,1856
2025,8,kentucky,-2.858,100,-0.0595,0.0318,103.04,1856
2025,8,maryland,-2.86,101,-0.0987,0.0709,103.04,1856
2025,8,montana,-2.904,102,0.0111,-0.0393,103.04,1856
2025,8,west virginia,-2.948,103,-0.0518,0.0231,103.04,1856
2025,8,san jose state,-2.989,104,0.0388,-0.0678,103.04,1856
2025,8,houston,-3.077,105,-0.0652,0.0353,103.04,1856
2025,8,new haven,-3.228,106,-0.0135,-0.0179,103.04,1856
2025,8,colorado,-3.401,107,0.0082,-0.0412,103.04,1856
2025,8,western michigan,-3.472,108,-0.1224,0.0887,103.04,1856
2025,8,villanova,-3.563,109,0.0467,-0.0812,103.04,1856
2025,8,ohio,-3.969,110,-0.0057,-0.0328,103.04,1856
2025,8,new mexico,-4.04,111,-0.0187,-0.0205,103.04,1856
2025,8,sacramento state,-4.173,112,0.0087,-0.0492,103.04,1856
2025,8,unlv,-4.292,113,0.0532,-0.0948,103.04,1856
2025,8,chadron state,-4.586,114,-0.0396,-0.0049,103.04,1856
2025,8,northwestern,-4.619,115,-0.039,-0.0058,103.04,1856
2025,8,boston college,-4.65,116,-0.0076,-0.0375,103.04,1856
2025,8,florida atlantic,-4.963,117,-0.0125,-0.0357,103.04,1856
2025,8,idaho state,-5.108,118,0.0094,-0.059,103.04,1856
2025,8,southern miss,-5.203,119,-0.0567,0.0063,103.04,1856
2025,8,wyoming,-5.207,120,-0.1019,0.0514,103.04,1856
2025,8,army,-5.355,121,-0.0354,-0.0166,103.04,1856
2025,8,troy,-5.364,122,-0.0458,-0.0062,103.04,1856
2025,8,michigan state,-5.462,123,-0.0058,-0.0472,103.04,1856
2025,8,colorado state,-5.556,124,0.0059,-0.0598,103.04,1856
2025,8,state thomas mn,-5.584,125,0.0186,-0.0728,103.04,1856
2025,8,florida international,-5.596,126,-0.066,0.0117,103.04,1856
2025,8,syracuse,-5.748,127,-0.0338,-0.022,103.04,1856
2025,8,dayton,-5.805,128,-0.0354,-0.0209,103.04,1856
2025,8,saginaw valley state,-5.992,129,-0.0327,-0.0255,103.04,1856
2025,8,liberty,-6.001,130,-0.0491,-0.0091,103.04,1856
2025,8,ucla,-6.161,131,0.0043,-0.0641,103.04,1856
2025,8,utah state,-6.371,132,-0.0024,-0.0594,103.04,1856
2025,8,southern utah,-6.415,133,0.0707,-0.133,103.04,1856
2025,8,adrian,-6.428,134,-0.0525,-0.0098,103.04,1856
2025,8,oregon state,-6.848,135,-0.0152,-0.0513,103.04,1856
2025,8,washington state,-6.98,136,-0.0494,-0.0183,103.04,1856
2025,8,south carolina state,-7.038,137,-0.0694,0.0011,103.04,1856
2025,8,western carolina,-7.458,138,0.0309,-0.1033,103.04,1856
2025,8,bowie state,-7.533,139,-0.0742,0.0011,103.04,1856
2025,8,virginia tech,-7.588,140,0.0085,-0.0822,103.04,1856
2025,8,cal poly,-7.636,141,-0.0599,-0.0142,103.04,1856
2025,8,idaho,-7.657,142,-0.0076,-0.0667,103.04,1856
2025,8,duquesne,-7.703,143,-0.0328,-0.0419,103.04,1856
2025,8,central michigan,-8.171,144,-0.0596,-0.0197,103.04,1856
2025,8,stanford,-8.268,145,-0.0644,-0.0158,103.04,1856
2025,8,kennesaw state,-8.361,146,-0.0229,-0.0582,103.04,1856
2025,8,south dakota,-8.445,147,0.019,-0.1009,103.04,1856
2025,8,miami oh,-8.471,148,-0.0919,0.0097,103.04,1856
2025,8,stony brook,-8.524,149,-0.0985,0.0158,103.04,1856
2025,8,coastal carolina,-8.596,150,-0.0952,0.0118,103.04,1856
2025,8,marshall,-8.887,151,-0.0684,-0.0178,103.04,1856
2025,8,webber international,-8.961,152,-0.0969,0.0099,103.04,1856
2025,8,youngstown state,-9.102,153,-0.0001,-0.0882,103.04,1856
2025,8,pace,-9.473,154,-0.066,-0.0259,103.04,1856
2025,8,jacksonville state,-9.926,155,-0.0251,-0.0713,103.04,1856
2025,8,chattanooga,-10.008,156,-0.0429,-0.0542,103.04,1856
2025,8,yale,-10.196,157,-0.097,-0.002,103.04,1856
2025,8,abilene christian,-10.527,158,-0.0198,-0.0824,103.04,1856
2025,8,rutgers,-10.554,159,0.032,-0.1344,103.04,1856
2025,8,air force,-10.805,160,0.1224,-0.2272,103.04,1856
2025,8,east tennessee state,-10.863,161,-0.05,-0.0554,103.04,1856
2025,8,elizabeth city state,-11.129,162,-0.0449,-0.0631,103.04,1856
2025,8,maine,-11.139,163,-0.0815,-0.0266,103.04,1856
2025,8,uab,-11.498,164,0.0212,-0.1327,103.04,1856
2025,8,north carolina,-11.512,165,-0.0981,-0.0136,103.04,1856
2025,8,texas wesleyan,-11.517,166,-0.0887,-0.0231,103.04,1856
2025,8,tulsa,-11.659,167,-0.0999,-0.0132,103.04,1856
2025,8,richmond,-11.706,168,-0.1039,-0.0097,103.04,1856
2025,8,ul monroe,-12.158,169,-0.0583,-0.0597,103.04,1856
2025,8,erskine,-12.2,170,-0.0678,-0.0506,103.04,1856
2025,8,butler,-12.282,171,-0.0431,-0.0761,103.04,1856
2025,8,south alabama,-12.524,172,-0.0274,-0.0941,103.04,1856
2025,8,hawaii,-12.727,173,-0.0966,-0.0269,103.04,1856
2025,8,new mexico state,-12.774,174,-0.1051,-0.0189,103.04,1856
2025,8,lafayette,-12.871,175,-0.0457,-0.0792,103.04,1856
2025,8,bowling green,-12.89,176,-0.1114,-0.0136,103.04,1856
2025,8,east texas a and m,-13.426,177,-0.0517,-0.0786,103.04,1856
2025,8,buffalo,-13.526,178,-0.0947,-0.0365,103.04,1856
2025,8,cornell,-13.571,179,-0.1499,0.0182,103.04,1856
2025,8,app state,-13.662,180,-0.0819,-0.0507,103.04,1856
2025,8,howard,-13.848,181,-0.131,-0.0034,103.04,1856
2025,8,lamar,-13.893,182,-0.1399,0.0051,103.04,1856
2025,8,allen,-14.006,183,-0.0213,-0.1146,103.04,1856
2025,8,wisconsin,-14.189,184,-0.0742,-0.0635,103.04,1856
2025,8,sacred heart,-14.23,185,0.0055,-0.1436,103.04,1856
2025,8,rice,-14.297,186,-0.1142,-0.0246,103.04,1856
2025,8,new hampshire,-14.34,187,-0.0845,-0.0547,103.04,1856
2025,8,prairie view a and m,-14.483,188,-0.0727,-0.0678,103.04,1856
2025,8,princeton,-14.514,189,-0.038,-0.1028,103.04,1856
2025,8,northeastern state,-14.536,190,-0.0733,-0.0678,103.04,1856
2025,8,incarnate word,-14.596,191,-0.0816,-0.0601,103.04,1856
2025,8,central arkansas,-14.647,192,-0.0554,-0.0867,103.04,1856
2025,8,colgate,-14.732,193,-0.0155,-0.1275,103.04,1856
2025,8,illinois state,-14.789,194,-0.0281,-0.1154,103.04,1856
2025,8,kentucky state,-14.792,195,-0.0333,-0.1103,103.04,1856
2025,8,brown,-14.86,196,-0.09,-0.0542,103.04,1856
2025,8,georgia state,-15.139,197,-0.0573,-0.0896,103.04,1856
2025,8,utah tech,-15.31,198,-0.1142,-0.0343,103.04,1856
2025,8,missouri state,-15.369,199,-0.042,-0.1072,103.04,1856
2025,8,alabama a and m,-15.464,200,-0.0442,-0.1059,103.04,1856
2025,8,furman,-15.566,201,-0.0948,-0.0563,103.04,1856
2025,8,georgia southern,-15.954,202,-0.0065,-0.1484,103.04,1856
2025,8,northern illinois,-16.578,203,-0.1528,-0.008,103.04,1856
2025,8,virginia state,-16.662,204,-0.1058,-0.0559,103.04,1856
2025,8,utep,-16.699,205,-0.1924,0.0303,103.04,1856
2025,8,eastern kentucky,-16.866,206,-0.1454,-0.0183,103.04,1856
2025,8,lincoln pa,-16.92,207,-0.094,-0.0702,103.04,1856
2025,8,central state,-17.247,208,-0.1758,0.0084,103.04,1856
2025,8,nevada,-17.321,209,-0.1256,-0.0425,103.04,1856
2025,8,merrimack,-17.379,210,-0.1133,-0.0553,103.04,1856
2025,8,lindenwood,-17.406,211,-0.0543,-0.1147,103.04,1856
2025,8,towson,-17.529,212,-0.0713,-0.0988,103.04,1856
2025,8,fayetteville state,-17.534,213,-0.0892,-0.081,103.04,1856
2025,8,eastern michigan,-17.666,214,-0.0029,-0.1685,103.04,1856
2025,8,central connecticut,-17.809,215,-0.121,-0.0518,103.04,1856
2025,8,upper iowa,-17.831,216,-0.1029,-0.0701,103.04,1856
2025,8,marist,-17.833,217,-0.1766,0.0035,103.04,1856
2025,8,mckendree,-17.855,218,-0.1001,-0.0732,103.04,1856
2025,8,morgan state,-17.859,219,-0.1222,-0.0511,103.04,1856
2025,8,louisiana,-18.023,220,-0.1068,-0.0681,103.04,1856
2025,8,northern michigan,-18.135,221,-0.122,-0.054,103.04,1856
2025,8,miles,-18.178,222,-0.1402,-0.0362,103.04,1856
2025,8,northern arizona,-18.316,223,-0.0184,-0.1594,103.04,1856
2025,8,bethune cookman,-18.527,224,0.0016,-0.1814,103.04,1856
2025,8,columbia,-18.579,225,-0.1616,-0.0187,103.04,1856
2025,8,edward waters,-18.626,226,-0.1592,-0.0216,103.04,1856
2025,8,gardner webb,-18.889,227,-0.0586,-0.1247,103.04,1856
2025,8,houston christian,-18.984,228,-0.1811,-0.0031,103.04,1856
2025,8,long island university,-18.99,229,-0.1549,-0.0294,103.04,1856
2025,8,texas southern,-19.134,230,-0.1171,-0.0686,103.04,1856
2025,8,holy cross,-19.173,231,-0.1337,-0.0524,103.04,1856
2025,8,san diego,-19.192,232,-0.1186,-0.0676,103.04,1856
2025,8,bucknell,-19.249,233,-0.0106,-0.1762,103.04,1856
2025,8,charleston southern,-19.279,234,-0.1072,-0.0799,103.04,1856
2025,8,middle tennessee,-19.339,235,-0.0979,-0.0898,103.04,1856
2025,8,southeast missouri state,-19.343,236,-0.093,-0.0947,103.04,1856
2025,8,wofford,-19.382,237,-0.1877,-0.0004,103.04,1856
2025,8,kentucky christian,-19.503,238,-0.0015,-0.1878,103.04,1856
2025,8,william and mary,-19.545,239,-0.0608,-0.1289,103.04,1856
2025,8,northern iowa,-19.639,240,-0.1312,-0.0593,103.04,1856
2025,8,lane college,-19.707,241,-0.188,-0.0032,103.04,1856
2025,8,arkansas state,-19.744,242,-0.1054,-0.0862,103.04,1856
2025,8,mcneese,-19.771,243,-0.0997,-0.0922,103.04,1856
2025,8,grambling,-19.969,244,-0.1231,-0.0707,103.04,1856
2025,8,tuskegee,-20.01,245,-0.1202,-0.074,103.04,1856
2025,8,georgetown,-20.091,246,-0.1013,-0.0936,103.04,1856
2025,8,eastern washington,-20.099,247,-0.1226,-0.0724,103.04,1856
2025,8,north alabama,-20.415,248,-0.0972,-0.1009,103.04,1856
2025,8,stonehill,-20.585,249,-0.1563,-0.0435,103.04,1856
2025,8,hanover,-20.686,250,-0.1593,-0.0414,103.04,1856
2025,8,akron,-20.8,251,-0.1152,-0.0866,103.04,1856
2025,8,american international,-20.923,252,-0.1435,-0.0596,103.04,1856
2025,8,norfolk state,-21.224,253,-0.104,-0.102,103.04,1856
2025,8,bluefield,-21.27,254,-0.1173,-0.0891,103.04,1856
2025,8,bryant,-21.332,255,-0.1231,-0.0839,103.04,1856
2025,8,nicholls,-21.706,256,-0.1815,-0.0291,103.04,1856
2025,8,west liberty,-21.884,257,-0.098,-0.1143,103.04,1856
2025,8,weber state,-22.108,258,-0.1155,-0.0991,103.04,1856
2025,8,samford,-22.17,259,-0.1237,-0.0914,103.04,1856
2025,8,alcorn state,-22.383,260,-0.143,-0.0742,103.04,1856
2025,8,thomas more,-22.525,261,-0.1862,-0.0324,103.04,1856
2025,8,western oregon,-22.56,262,-0.1225,-0.0964,103.04,1856
2025,8,kent state,-22.748,263,-0.1289,-0.0918,103.04,1856
2025,8,sam houston,-22.798,264,-0.125,-0.0962,103.04,1856
2025,8,bentley,-23.195,265,-0.1187,-0.1064,103.04,1856
2025,8,the citadel,-23.379,266,-0.1222,-0.1047,103.04,1856
2025,8,ualbany,-23.977,267,-0.1346,-0.0981,103.04,1856
2025,8,eastern illinois,-24.139,268,-0.1651,-0.0691,103.04,1856
2025,8,hampton,-24.377,269,-0.0938,-0.1428,103.04,1856
2025,8,campbell,-24.395,270,-0.1307,-0.1061,103.04,1856
2025,8,ut martin,-24.618,271,-0.1002,-0.1387,103.04,1856
2025,8,ball state,-24.679,272,-0.1348,-0.1047,103.04,1856
2025,8,charlotte,-24.73,273,-0.1293,-0.1107,103.04,1856
2025,8,valparaiso,-25.161,274,-0.2254,-0.0188,103.04,1856
2025,8,indiana state,-25.316,275,-0.1229,-0.1228,103.04,1856
2025,8,warner,-25.587,276,-0.1071,-0.1412,103.04,1856
2025,8,saint francis,-25.645,277,-0.1826,-0.0663,103.04,1856
2025,8,greensboro,-25.791,278,-0.1503,-0.1,103.04,1856
2025,8,robert morris,-25.873,279,-0.1648,-0.0863,103.04,1856
2025,8,ferrum,-26.242,280,-0.1585,-0.0961,103.04,1856
2025,8,mercyhurst,-26.278,281,-0.1049,-0.1502,103.04,1856
2025,8,vmi,-26.329,282,-0.1732,-0.0823,103.04,1856
2025,8,fordham,-26.379,283,-0.1646,-0.0914,103.04,1856
2025,8,southern,-26.586,284,-0.1626,-0.0954,103.04,1856
2025,8,morehead state,-27.412,285,-0.0924,-0.1736,103.04,1856
2025,8,mississippi valley state,-27.717,286,-0.1496,-0.1194,103.04,1856
2025,8,tennessee state,-27.789,287,-0.2052,-0.0644,103.04,1856
2025,8,savannah state,-27.883,288,-0.1978,-0.0728,103.04,1856
2025,8,western illinois,-28.201,289,-0.0821,-0.1916,103.04,1856
2025,8,stetson,-28.575,290,-0.1435,-0.1338,103.04,1856
2025,8,louisiana christian,-29.807,291,-0.1345,-0.1548,103.04,1856
2025,8,north carolina a and t,-30.108,292,-0.144,-0.1482,103.04,1856
2025,8,massachusetts,-30.979,293,-0.1851,-0.1155,103.04,1856
2025,8,oklahoma state,-31.072,294,-0.1799,-0.1216,103.04,1856
2025,8,florida a and m,-31.144,295,-0.1682,-0.1341,103.04,1856
2025,8,wagner,-31.169,296,-0.2461,-0.0563,103.04,1856
2025,8,morehouse,-32.184,297,-0.1247,-0.1877,103.04,1856
2025,8,cumberland tn,-32.247,298,-0.182,-0.1309,103.04,1856
2025,8,portland state,-33.685,299,-0.1888,-0.1381,103.04,1856
2025,8,arkansas pine bluff,-33.837,300,-0.1628,-0.1656,103.04,1856
2025,8,arkansas baptist,-34.606,301,-0.1875,-0.1483,103.04,1856
2025,8,murray state,-35.265,302,-0.1101,-0.2322,103.04,1856
2025,8,virginia lynchburg,-35.359,303,-0.1808,-0.1624,103.04,1856
2025,8,western connecticut state,-36.465,304,-0.2002,-0.1537,103.04,1856
2025,8,davidson,-37.062,305,-0.115,-0.2446,103.04,1856
2025,8,southern connecticut state,-39.306,306,-0.1272,-0.2543,103.04,1856
2025,8,northwestern state,-45.688,307,-0.2651,-0.1783,103.04,1856
2025,8,langston,-48.795,308,-0.2586,-0.2149,103.04,1856
2025,8,sul ross state,-52.109,309,-0.2644,-0.2413,103.04,1856
2025,8,lincoln ca,-59.125,310,-0.287,-0.2868,103.04,1856
2025,9,ohio state,33.128,1,0.1611,0.1646,101.7,2080
2025,9,oregon,29.621,2,0.1627,0.1285,101.7,2080
2025,9,indiana,29.499,3,0.1635,0.1266,101.7,2080
2025,9,utah,28.437,4,0.1575,0.1222,101.7,2080
2025,9,north dakota state,26.378,5,0.1608,0.0986,101.7,2080
2025,9,usc,23.385,6,0.213,0.0169,101.7,2080
2025,9,miami,22.799,7,0.0729,0.1513,101.7,2080
2025,9,texas tech,21.871,8,0.0758,0.1393,101.7,2080
2025,9,oklahoma,20.093,9,0.0108,0.1868,101.7,2080
2025,9,alabama,19.115,10,0.1217,0.0662,101.7,2080
2025,9,notre dame,19.055,11,0.1008,0.0866,101.7,2080
2025,9,texas a and m,18.592,12,0.1226,0.0602,101.7,2080
2025,9,washington,17.465,13,0.1548,0.017,101.7,2080
2025,9,tennessee,16.934,14,0.1494,0.0171,101.7,2080
2025,9,missouri,16.927,15,0.0731,0.0933,101.7,2080
2025,9,vanderbilt,16.92,16,0.1602,0.0061,101.7,2080
2025,9,florida state,16.848,17,0.1382,0.0275,101.7,2080
2025,9,byu,16.727,18,0.0863,0.0782,101.7,2080
2025,9,south florida,16.481,19,0.0992,0.0628,101.7,2080
2025,9,presbyterian,14.372,20,0.083,0.0583,101.7,2080
2025,9,michigan,14.371,21,0.0602,0.0811,101.7,2080
2025,9,san diego state,13.715,22,0.0006,0.1343,101.7,2080
2025,9,texas,13.695,23,0.0104,0.1243,101.7,2080
2025,9,old dominion,13.532,24,0.0894,0.0436,101.7,2080
2025,9,georgia,13.369,25,0.0714,0.06,101.7,2080
2025,9,ole miss,13.106,26,0.1161,0.0127,101.7,2080
2025,9,florida,12.613,27,0.0268,0.0972,101.7,2080
2025,9,harvard,11.85,28,0.0662,0.0503,101.7,2080
2025,9,tennessee tech,11.747,29,0.0456,0.0699,101.7,2080
2025,9,cincinnati,11.433,30,0.1432,-0.0308,101.7,2080
2025,9,montana state,11.336,31,0.1157,-0.0042,101.7,2080
2025,9,auburn,10.664,32,-0.0111,0.116,101.7,2080
2025,9,mercer,10.622,33,0.0666,0.0379,101.7,2080
2025,9,toledo,10.557,34,0.0117,0.0921,101.7,2080
2025,9,arkansas,10.321,35,0.1674,-0.0659,101.7,2080
2025,9,north texas,10.005,36,0.1157,-0.0173,101.7,2080
2025,9,georgia tech,9.962,37,0.0986,-0.0006,101.7,2080
2025,9,louisville,9.891,38,0.0257,0.0715,101.7,2080
2025,9,memphis,9.841,39,0.0644,0.0324,101.7,2080
2025,9,tarleton state,9.358,40,0.0811,0.011,101.7,2080
2025,9,pittsburgh,9.252,41,0.0235,0.0675,101.7,2080
2025,9,boise state,9.202,42,0.0287,0.0618,101.7,2080
2025,9,nc state,9.111,43,0.081,0.0086,101.7,2080
2025,9,lsu,8.951,44,0.0292,0.0588,101.7,2080
2025,9,smu,8.587,45,0.0092,0.0752,101.7,2080
2025,9,james madison,8.492,46,-0.0179,0.1014,101.7,2080
2025,9,iowa state,8.404,47,0.0464,0.0363,101.7,2080
2025,9,mississippi state,8.322,48,0.0629,0.0189,101.7,2080
2025,9,penn state,7.344,49,0.0303,0.0419,101.7,2080
2025,9,duke,7.044,50,0.0932,-0.0239,101.7,2080
2025,9,nebraska,6.45,51,0.0416,0.0218,101.7,2080
2025,9,wake forest,6.44,52,-0.0871,0.1504,101.7,2080
2025,9,east carolina,6.344,53,0.0142,0.0481,101.7,2080
2025,9,kansas,6.29,54,0.0774,-0.0155,101.7,2080
2025,9,ucf,6.265,55,0.0254,0.0362,101.7,2080
2025,9,iowa,6.078,56,-0.0379,0.0977,101.7,2080
2025,9,navy,6.001,57,0.1239,-0.0649,101.7,2080
2025,9,illinois,5.937,58,0.0696,-0.0112,101.7,2080
2025,9,tcu,5.824,59,0.0635,-0.0062,101.7,2080
2025,9,north dakota,4.965,60,0.0037,0.0451,101.7,2080
2025,9,baylor,4.881,61,0.0713,-0.0233,101.7,2080
2025,9,alabama state,4.851,62,0.1343,-0.0866,101.7,2080
2025,9,austin peay,4.585,63,0.0638,-0.0188,101.7,2080
2025,9,kansas state,4.408,64,0.0029,0.0405,101.7,2080
2025,9,dartmouth,4.216,65,0.0611,-0.0197,101.7,2080
2025,9,southern illinois,3.696,66,0.1032,-0.0669,101.7,2080
2025,9,ut rio grande valley,3.555,67,0.042,-0.007,101.7,2080
2025,9,clemson,3.513,68,0.0111,0.0235,101.7,2080
2025,9,uc davis,3.441,69,0.0808,-0.047,101.7,2080
2025,9,se louisiana,3.391,70,0.0045,0.0289,101.7,2080
2025,9,virginia,3.113,71,0.0182,0.0124,101.7,2080
2025,9,arizona,2.478,72,-0.0072,0.0315,101.7,2080
2025,9,lehigh,2.115,73,0.0333,-0.0125,101.7,2080
2025,9,utsa,1.829,74,-0.0096,0.0276,101.7,2080
2025,9,arizona state,1.589,75,-0.006,0.0217,101.7,2080
2025,9,south carolina,0.624,76,-0.0585,0.0646,101.7,2080
2025,9,uconn,0.476,77,0.0571,-0.0524,101.7,2080
2025,9,state thomas mn,0.368,78,0.0262,-0.0226,101.7,2080
2025,9,monmouth,0.324,79,0.109,-0.1058,101.7,2080
2025,9,stephen f austin,0.164,80,-0.0982,0.0998,101.7,2080
2025,9,texas state,-0.312,81,0.0695,-0.0726,101.7,2080
2025,9,rhode island,-0.547,82,0.0295,-0.0349,101.7,2080
2025,9,jackson state,-0.713,83,0.0376,-0.0446,101.7,2080
2025,9,tulane,-0.864,84,-0.0045,-0.004,101.7,2080
2025,9,south dakota state,-1.158,85,-0.0548,0.0434,101.7,2080
2025,9,drake,-1.421,86,0.0073,-0.0212,101.7,2080
2025,9,houston,-1.966,87,-0.0469,0.0276,101.7,2080
2025,9,maryland,-2.017,88,-0.0909,0.0711,101.7,2080
2025,9,montana,-2.044,89,0.0298,-0.0499,101.7,2080
2025,9,delaware state,-2.199,90,0.089,-0.1107,101.7,2080
2025,9,north carolina central,-2.482,91,-0.0124,-0.012,101.7,2080
2025,9,western kentucky,-2.603,92,-0.0041,-0.0214,101.7,2080
2025,9,minnesota,-2.69,93,-0.067,0.0406,101.7,2080
2025,9,san jose state,-2.715,94,0.0408,-0.0675,101.7,2080
2025,9,california,-2.779,95,-0.0534,0.0261,101.7,2080
2025,9,louisiana tech,-3.057,96,-0.0934,0.0634,101.7,2080
2025,9,purdue,-3.097,97,-0.016,-0.0145,101.7,2080
2025,9,dayton,-3.396,98,-0.024,-0.0094,101.7,2080
2025,9,washington state,-3.551,99,-0.0326,-0.0023,101.7,2080
2025,9,colorado,-3.653,100,-0.0158,-0.0201,101.7,2080
2025,9,new mexico,-3.696,101,-0.0052,-0.0311,101.7,2080
2025,9,southern utah,-3.699,102,0.0811,-0.1175,101.7,2080
2025,9,temple,-3.735,103,0.0142,-0.051,101.7,2080
2025,9,wyoming,-3.754,104,-0.0934,0.0565,101.7,2080
2025,9,southern miss,-3.81,105,-0.0396,0.0021,101.7,2080
2025,9,florida atlantic,-3.833,106,-0.0141,-0.0236,101.7,2080
2025,9,west virginia,-3.944,107,-0.0735,0.0347,101.7,2080
2025,9,boston college,-4.119,108,-0.0031,-0.0374,101.7,2080
2025,9,kennesaw state,-4.151,109,0.0195,-0.0603,101.7,2080
2025,9,army,-4.273,110,-0.0296,-0.0124,101.7,2080
2025,9,ohio,-4.299,111,-0.009,-0.0332,101.7,2080
2025,9,unlv,-4.437,112,0.056,-0.0997,101.7,2080
2025,9,western michigan,-4.489,113,-0.116,0.0719,101.7,2080
2025,9,northwestern,-4.543,114,-0.0367,-0.008,101.7,2080
2025,9,idaho,-4.832,115,0.0103,-0.0578,101.7,2080
2025,9,west georgia,-4.897,116,-0.077,0.0288,101.7,2080
2025,9,yale,-5.214,117,-0.073,0.0217,101.7,2080
2025,9,northern colorado,-5.226,118,-0.0559,0.0046,101.7,2080
2025,9,michigan state,-5.262,119,-0.0171,-0.0346,101.7,2080
2025,9,pennsylvania,-5.285,120,0.016,-0.068,101.7,2080
2025,9,south carolina state,-5.305,121,-0.0384,-0.0138,101.7,2080
2025,9,elon,-5.488,122,-0.061,0.0071,101.7,2080
2025,9,sacramento state,-5.616,123,0.0154,-0.0707,101.7,2080
2025,9,chadron state,-5.722,124,-0.0448,-0.0115,101.7,2080
2025,9,syracuse,-5.886,125,-0.0222,-0.0356,101.7,2080
2025,9,ucla,-5.966,126,-0.0086,-0.0501,101.7,2080
2025,9,kentucky,-6.184,127,-0.043,-0.0178,101.7,2080
2025,9,fresno state,-6.214,128,-0.0416,-0.0195,101.7,2080
2025,9,colorado state,-6.473,129,-0.001,-0.0627,101.7,2080
2025,9,delaware,-6.481,130,-0.0005,-0.0633,101.7,2080
2025,9,central michigan,-6.532,131,-0.0532,-0.011,101.7,2080
2025,9,liberty,-6.603,132,-0.0489,-0.016,101.7,2080
2025,9,troy,-6.907,133,-0.0496,-0.0183,101.7,2080
2025,9,virginia tech,-6.924,134,0.0259,-0.094,101.7,2080
2025,9,adrian,-7.133,135,-0.0571,-0.0131,101.7,2080
2025,9,villanova,-7.192,136,-0.002,-0.0687,101.7,2080
2025,9,oregon state,-7.265,137,-0.0087,-0.0627,101.7,2080
2025,9,miami oh,-7.335,138,-0.0751,0.003,101.7,2080
2025,9,utah state,-7.522,139,-0.0065,-0.0674,101.7,2080
2025,9,maine,-7.618,140,-0.0667,-0.0082,101.7,2080
2025,9,western carolina,-7.665,141,0.0364,-0.1118,101.7,2080
2025,9,rutgers,-7.751,142,0.0443,-0.1205,101.7,2080
2025,9,bowie state,-8.078,143,-0.076,-0.0035,101.7,2080
2025,9,chattanooga,-8.128,144,-0.0361,-0.0439,101.7,2080
2025,9,youngstown state,-8.132,145,0.0134,-0.0934,101.7,2080
2025,9,marshall,-8.304,146,-0.0614,-0.0203,101.7,2080
2025,9,idaho state,-8.368,147,-0.0155,-0.0668,101.7,2080
2025,9,saginaw valley state,-8.508,148,-0.0378,-0.0459,101.7,2080
2025,9,south dakota,-8.829,149,0.0076,-0.0945,101.7,2080
2025,9,coastal carolina,-8.946,150,-0.0908,0.0029,101.7,2080
2025,9,prairie view a and m,-8.97,151,-0.0708,-0.0174,101.7,2080
2025,9,cal poly,-9.378,152,-0.0733,-0.0189,101.7,2080
2025,9,florida international,-9.739,153,-0.0699,-0.0259,101.7,2080
2025,9,duquesne,-9.967,154,-0.0277,-0.0703,101.7,2080
2025,9,wisconsin,-9.986,155,-0.0654,-0.0328,101.7,2080
2025,9,new haven,-10.036,156,-0.0668,-0.0319,101.7,2080
2025,9,uab,-10.049,157,0.0302,-0.129,101.7,2080
2025,9,north carolina,-10.418,158,-0.123,0.0206,101.7,2080
2025,9,abilene christian,-10.431,159,-0.021,-0.0816,101.7,2080
2025,9,jacksonville state,-10.591,160,-0.0305,-0.0736,101.7,2080
2025,9,south alabama,-10.6,161,-0.0096,-0.0946,101.7,2080
2025,9,app state,-10.608,162,-0.082,-0.0223,101.7,2080
2025,9,tulsa,-10.63,163,-0.0811,-0.0235,101.7,2080
2025,9,stanford,-10.834,164,-0.0824,-0.0242,101.7,2080
2025,9,air force,-10.891,165,0.1258,-0.2329,101.7,2080
2025,9,webber international,-11.038,166,-0.1012,-0.0073,101.7,2080
2025,9,elizabeth city state,-11.295,167,-0.0423,-0.0687,101.7,2080
2025,9,east tennessee state,-11.455,168,-0.0634,-0.0492,101.7,2080
2025,9,texas wesleyan,-11.5,169,-0.0915,-0.0216,101.7,2080
2025,9,rice,-11.633,170,-0.1038,-0.0105,101.7,2080
2025,9,stony brook,-11.642,171,-0.1069,-0.0076,101.7,2080
2025,9,pace,-11.943,172,-0.0711,-0.0463,101.7,2080
2025,9,butler,-11.963,173,-0.0355,-0.0822,101.7,2080
2025,9,richmond,-12.29,174,-0.0987,-0.0221,101.7,2080
2025,9,central arkansas,-12.298,175,-0.0415,-0.0795,101.7,2080
2025,9,east texas a and m,-12.645,176,-0.0568,-0.0676,101.7,2080
2025,9,missouri state,-12.799,177,-0.0384,-0.0874,101.7,2080
2025,9,cornell,-12.941,178,-0.1349,0.0077,101.7,2080
2025,9,colgate,-13.275,179,-0.0116,-0.119,101.7,2080
2025,9,ul monroe,-13.414,180,-0.0583,-0.0736,101.7,2080
2025,9,erskine,-13.415,181,-0.0743,-0.0576,101.7,2080
2025,9,long island university,-13.43,182,-0.1496,0.0176,101.7,2080
2025,9,hawaii,-13.553,183,-0.0992,-0.0341,101.7,2080
2025,9,new hampshire,-13.615,184,-0.0606,-0.0733,101.7,2080
2025,9,allen,-13.682,185,-0.0206,-0.1139,101.7,2080
2025,9,illinois state,-13.752,186,-0.0362,-0.099,101.7,2080
2025,9,howard,-13.777,187,-0.1311,-0.0044,101.7,2080
2025,9,lafayette,-13.861,188,-0.0488,-0.0875,101.7,2080
2025,9,bowling green,-13.862,189,-0.1052,-0.0311,101.7,2080
2025,9,lamar,-14.162,190,-0.1267,-0.0126,101.7,2080
2025,9,sacred heart,-14.31,191,0.0021,-0.1428,101.7,2080
2025,9,new mexico state,-14.399,192,-0.1267,-0.0149,101.7,2080
2025,9,brown,-14.452,193,-0.0804,-0.0617,101.7,2080
2025,9,kentucky state,-14.713,194,-0.0378,-0.1069,101.7,2080
2025,9,incarnate word,-14.733,195,-0.0722,-0.0727,101.7,2080
2025,9,middle tennessee,-14.971,196,-0.0751,-0.0721,101.7,2080
2025,9,towson,-15.084,197,-0.0612,-0.0871,101.7,2080
2025,9,northeastern state,-15.273,198,-0.0801,-0.0701,101.7,2080
2025,9,southeast missouri state,-15.283,199,-0.0794,-0.0709,101.7,2080
2025,9,gardner webb,-15.29,200,-0.0369,-0.1134,101.7,2080
2025,9,northern arizona,-15.567,201,-0.0194,-0.1336,101.7,2080
2025,9,northern michigan,-15.91,202,-0.104,-0.0524,101.7,2080
2025,9,princeton,-15.991,203,-0.048,-0.1092,101.7,2080
2025,9,louisiana,-16.382,204,-0.0945,-0.0666,101.7,2080
2025,9,utah tech,-16.385,205,-0.1206,-0.0405,101.7,2080
2025,9,georgia state,-16.674,206,-0.0537,-0.1102,101.7,2080
2025,9,nevada,-16.736,207,-0.1375,-0.0271,101.7,2080
2025,9,miles,-16.746,208,-0.1288,-0.0358,101.7,2080
2025,9,eastern michigan,-16.797,209,-0.0019,-0.1632,101.7,2080
2025,9,merrimack,-16.803,210,-0.1173,-0.0479,101.7,2080
2025,9,utep,-16.848,211,-0.1949,0.0292,101.7,2080
2025,9,georgia southern,-17.168,212,-0.0183,-0.1505,101.7,2080
2025,9,arkansas state,-17.173,213,-0.1009,-0.0679,101.7,2080
2025,9,virginia state,-17.219,214,-0.1151,-0.0542,101.7,2080
2025,9,buffalo,-17.272,215,-0.1269,-0.0429,101.7,2080
2025,9,central state,-17.362,216,-0.1777,0.0069,101.7,2080
2025,9,furman,-17.554,217,-0.0971,-0.0755,101.7,2080
2025,9,central connecticut,-17.557,218,-0.1243,-0.0484,101.7,2080
2025,9,fayetteville state,-17.645,219,-0.0873,-0.0862,101.7,2080
2025,9,morgan state,-17.713,220,-0.1189,-0.0553,101.7,2080
2025,9,lincoln pa,-17.798,221,-0.1039,-0.0711,101.7,2080
2025,9,akron,-17.909,222,-0.1149,-0.0612,101.7,2080
2025,9,upper iowa,-17.991,223,-0.1059,-0.0711,101.7,2080
2025,9,eastern kentucky,-18.027,224,-0.1587,-0.0186,101.7,2080
2025,9,mckendree,-18.221,225,-0.099,-0.0802,101.7,2080
2025,9,northern illinois,-18.271,226,-0.1583,-0.0214,101.7,2080
2025,9,san diego,-18.366,227,-0.1015,-0.0791,101.7,2080
2025,9,texas southern,-18.704,228,-0.1141,-0.0698,101.7,2080
2025,9,bethune cookman,-18.745,229,-0.0197,-0.1646,101.7,2080
2025,9,wofford,-18.796,230,-0.201,0.0162,101.7,2080
2025,9,edward waters,-18.846,231,-0.1541,-0.0312,101.7,2080
2025,9,northern iowa,-19.013,232,-0.1394,-0.0475,101.7,2080
2025,9,kentucky christian,-19.106,233,-0.0008,-0.1871,101.7,2080
2025,9,grambling,-19.119,234,-0.1051,-0.0829,101.7,2080
2025,9,bucknell,-19.383,235,-0.0264,-0.1642,101.7,2080
2025,9,marist,-19.451,236,-0.1776,-0.0137,101.7,2080
2025,9,bryant,-19.56,237,-0.1128,-0.0795,101.7,2080
2025,9,nicholls,-19.612,238,-0.1628,-0.0301,101.7,2080
2025,9,the citadel,-19.754,239,-0.1019,-0.0924,101.7,2080
2025,9,tuskegee,-20.056,240,-0.1241,-0.0732,101.7,2080
2025,9,lindenwood,-20.22,241,-0.058,-0.1408,101.7,2080
2025,9,eastern washington,-20.291,242,-0.1354,-0.0641,101.7,2080
2025,9,hanover,-20.334,243,-0.1601,-0.0398,101.7,2080
2025,9,stonehill,-20.367,244,-0.1526,-0.0477,101.7,2080
2025,9,houston christian,-20.438,245,-0.2013,0.0003,101.7,2080
2025,9,holy cross,-20.65,246,-0.1477,-0.0553,101.7,2080
2025,9,american international,-20.954,247,-0.1428,-0.0633,101.7,2080
2025,9,eastern illinois,-21.114,248,-0.1465,-0.0611,101.7,2080
2025,9,william and mary,-21.148,249,-0.0476,-0.1603,101.7,2080
2025,9,charleston southern,-21.161,250,-0.12,-0.0881,101.7,2080
2025,9,alabama a and m,-21.209,251,-0.0815,-0.127,101.7,2080
2025,9,georgetown,-21.242,252,-0.1238,-0.0851,101.7,2080
2025,9,alcorn state,-21.674,253,-0.1429,-0.0702,101.7,2080
2025,9,lane college,-21.742,254,-0.1955,-0.0183,101.7,2080
2025,9,west liberty,-21.781,255,-0.1069,-0.1073,101.7,2080
2025,9,north alabama,-21.998,256,-0.0962,-0.1201,101.7,2080
2025,9,thomas more,-22.043,257,-0.1807,-0.0361,101.7,2080
2025,9,weber state,-22.063,258,-0.1354,-0.0816,101.7,2080
2025,9,norfolk state,-22.338,259,-0.0912,-0.1284,101.7,2080
2025,9,bluefield,-22.366,260,-0.1238,-0.0961,101.7,2080
2025,9,ualbany,-22.476,261,-0.1537,-0.0673,101.7,2080
2025,9,bentley,-22.704,262,-0.1177,-0.1056,101.7,2080
2025,9,mcneese,-22.813,263,-0.0982,-0.1261,101.7,2080
2025,9,ball state,-22.815,264,-0.1253,-0.0991,101.7,2080
2025,9,sam houston,-23.121,265,-0.1255,-0.1019,101.7,2080
2025,9,western oregon,-23.19,266,-0.1245,-0.1035,101.7,2080
2025,9,columbia,-23.492,267,-0.178,-0.053,101.7,2080
2025,9,kent state,-23.66,268,-0.1197,-0.113,101.7,2080
2025,9,charlotte,-23.794,269,-0.1128,-0.1212,101.7,2080
2025,9,ut martin,-23.841,270,-0.0906,-0.1438,101.7,2080
2025,9,campbell,-23.85,271,-0.1434,-0.0912,101.7,2080
2025,9,hampton,-24.062,272,-0.1029,-0.1337,101.7,2080
2025,9,robert morris,-25.153,273,-0.136,-0.1113,101.7,2080
2025,9,samford,-25.561,274,-0.1493,-0.102,101.7,2080
2025,9,mercyhurst,-25.693,275,-0.1041,-0.1485,101.7,2080
2025,9,morehead state,-25.697,276,-0.0827,-0.17,101.7,2080
2025,9,indiana state,-25.852,277,-0.1361,-0.1181,101.7,2080
2025,9,greensboro,-26.22,278,-0.1594,-0.0984,101.7,2080
2025,9,valparaiso,-26.269,279,-0.2272,-0.0311,101.7,2080
2025,9,saint francis,-26.336,280,-0.1666,-0.0924,101.7,2080
2025,9,tennessee state,-26.55,281,-0.2183,-0.0427,101.7,2080
2025,9,fordham,-26.872,282,-0.1738,-0.0905,101.7,2080
2025,9,savannah state,-27.282,283,-0.2032,-0.0651,101.7,2080
2025,9,florida a and m,-27.345,284,-0.1243,-0.1445,101.7,2080
2025,9,warner,-27.448,285,-0.1115,-0.1584,101.7,2080
2025,9,southern,-27.542,286,-0.1421,-0.1288,101.7,2080
2025,9,ferrum,-28.056,287,-0.1715,-0.1044,101.7,2080
2025,9,oklahoma state,-29.196,288,-0.1927,-0.0944,101.7,2080
2025,9,mississippi valley state,-29.25,289,-0.1639,-0.1237,101.7,2080
2025,9,western illinois,-29.287,290,-0.1092,-0.1788,101.7,2080
2025,9,north carolina a and t,-29.648,291,-0.156,-0.1355,101.7,2080
2025,9,wagner,-29.913,292,-0.2264,-0.0678,101.7,2080
2025,9,louisiana christian,-30.829,293,-0.1462,-0.1569,101.7,2080
2025,9,vmi,-31.521,294,-0.1903,-0.1197,101.7,2080
2025,9,morehouse,-31.942,295,-0.1246,-0.1895,101.7,2080
2025,9,massachusetts,-32.485,296,-0.1948,-0.1246,101.7,2080
2025,9,cumberland tn,-33.588,297,-0.1875,-0.1427,101.7,2080
2025,9,stetson,-33.854,298,-0.1873,-0.1456,101.7,2080
2025,9,arkansas pine bluff,-34.252,299,-0.1818,-0.155,101.7,2080
2025,9,arkansas baptist,-35.032,300,-0.1868,-0.1576,101.7,2080
2025,9,portland state,-35.325,301,-0.1914,-0.1559,101.7,2080
2025,9,virginia lynchburg,-35.638,302,-0.1851,-0.1653,101.7,2080
2025,9,murray state,-36.385,303,-0.109,-0.2487,101.7,2080
2025,9,davidson,-37.945,304,-0.1026,-0.2705,101.7,2080
2025,9,western connecticut state,-38.582,305,-0.2053,-0.1741,101.7,2080
2025,9,southern connecticut state,-39.436,306,-0.129,-0.2588,101.7,2080
2025,9,northwestern state,-44.08,307,-0.2341,-0.1993,101.7,2080
2025,9,langston,-48.11,308,-0.2631,-0.21,101.7,2080
2025,9,sul ross state,-51.908,309,-0.2655,-0.2449,101.7,2080
2025,9,lincoln ca,-67.73,310,-0.3552,-0.3107,101.7,2080
2025,10,ohio state,32.646,1,0.18,0.1458,100.19,2300
2025,10,indiana,32.412,2,0.1846,0.1389,100.19,2300
2025,10,oregon,30.527,3,0.1692,0.1354,100.19,2300
2025,10,utah,26.247,4,0.1429,0.1191,100.19,2300
2025,10,usc,23.96,5,0.2101,0.0291,100.19,2300
2025,10,miami,21.979,6,0.0731,0.1463,100.19,2300
2025,10,texas tech,20.889,7,0.0713,0.1372,100.19,2300
2025,10,north dakota state,20.756,8,0.1356,0.0716,100.19,2300
2025,10,notre dame,20.707,9,0.1101,0.0966,100.19,2300
2025,10,alabama,19.301,10,0.1239,0.0688,100.19,2300
2025,10,oklahoma,19.082,11,0.0083,0.1821,100.19,2300
2025,10,texas a and m,18.317,12,0.1249,0.0579,100.19,2300
2025,10,florida state,18.236,13,0.1571,0.0249,100.19,2300
2025,10,vanderbilt,17.927,14,0.1795,-0.0005,100.19,2300
2025,10,tennessee,17.2,15,0.1543,0.0173,100.19,2300
2025,10,washington,16.861,16,0.1543,0.014,100.19,2300
2025,10,byu,16.625,17,0.0886,0.0773,100.19,2300
2025,10,missouri,16.529,18,0.0715,0.0934,100.19,2300
2025,10,georgia,15.971,19,0.0885,0.0709,100.19,2300
2025,10,montana state,15.717,20,0.1365,0.0204,100.19,2300
2025,10,south florida,15.504,21,0.0955,0.0592,100.19,2300
2025,10,old dominion,14.864,22,0.0777,0.0706,100.19,2300
2025,10,ole miss,14.355,23,0.1201,0.0232,100.19,2300
2025,10,james madison,14.01,24,0.0167,0.1232,100.19,2300
2025,10,michigan,13.957,25,0.055,0.0843,100.19,2300
2025,10,san diego state,13.093,26,-0.0103,0.141,100.19,2300
2025,10,louisville,12.602,27,0.027,0.0987,100.19,2300
2025,10,cincinnati,12.103,28,0.145,-0.0242,100.19,2300
2025,10,texas,12.013,29,0.0113,0.1086,100.19,2300
2025,10,presbyterian,11.803,30,0.0851,0.0327,100.19,2300
2025,10,memphis,11.77,31,0.0833,0.0342,100.19,2300
2025,10,harvard,11.749,32,0.0672,0.0501,100.19,2300
2025,10,mercer,10.971,33,0.0711,0.0384,100.19,2300
2025,10,pittsburgh,10.486,34,0.0206,0.0841,100.19,2300
2025,10,florida,10.202,35,0.0141,0.0878,100.19,2300
2025,10,toledo,10.195,36,0.0167,0.0851,100.19,2300
2025,10,arkansas,10.112,37,0.1686,-0.0677,100.19,2300
2025,10,north texas,9.833,38,0.1145,-0.0164,100.19,2300
2025,10,lsu,9.733,39,0.0286,0.0686,100.19,2300
2025,10,east carolina,9.634,40,0.0323,0.0639,100.19,2300
2025,10,auburn,9.411,41,-0.0327,0.1267,100.19,2300
2025,10,nc state,9.289,42,0.1003,-0.0076,100.19,2300
2025,10,mississippi state,9.063,43,0.0615,0.029,100.19,2300
2025,10,tennessee tech,8.86,44,0.028,0.0604,100.19,2300
2025,10,smu,8.72,45,0.0105,0.0766,100.19,2300
2025,10,georgia tech,8.471,46,0.1091,-0.0246,100.19,2300
2025,10,baylor,7.929,47,0.076,0.0031,100.19,2300
2025,10,iowa state,7.209,48,0.031,0.0409,100.19,2300
2025,10,penn state,7.179,49,0.0441,0.0276,100.19,2300
2025,10,tcu,6.688,50,0.0708,-0.004,100.19,2300
2025,10,tarleton state,6.532,51,0.0616,0.0036,100.19,2300
2025,10,north dakota,6.524,52,0.0031,0.062,100.19,2300
2025,10,nebraska,6.05,53,0.0326,0.0277,100.19,2300
2025,10,iowa,5.923,54,-0.0383,0.0974,100.19,2300
2025,10,boise state,5.865,55,-0.0068,0.0653,100.19,2300
2025,10,virginia,5.784,56,0.0303,0.0274,100.19,2300
2025,10,se louisiana,5.561,57,0.0179,0.0376,100.19,2300
2025,10,illinois,5.356,58,0.0618,-0.0083,100.19,2300
2025,10,kansas state,5.196,59,0.0119,0.04,100.19,2300
2025,10,arizona,5.162,60,-0.0003,0.0518,100.19,2300
2025,10,wake forest,5.1,61,-0.0806,0.1315,100.19,2300
2025,10,austin peay,4.764,62,0.0547,-0.0071,100.19,2300
2025,10,duke,4.748,63,0.0935,-0.0461,100.19,2300
2025,10,navy,4.579,64,0.1104,-0.0647,100.19,2300
2025,10,lehigh,4.514,65,0.0357,0.0093,100.19,2300
2025,10,clemson,4.384,66,0.032,0.0117,100.19,2300
2025,10,dartmouth,4.037,67,0.0582,-0.018,100.19,2300
2025,10,ucf,3.7,68,-0.0047,0.0416,100.19,2300
2025,10,monmouth,3.316,69,0.1174,-0.0843,100.19,2300
2025,10,alabama state,3.245,70,0.127,-0.0946,100.19,2300
2025,10,kansas,3.082,71,0.0811,-0.0504,100.19,2300
2025,10,arizona state,2.659,72,-0.0115,0.0381,100.19,2300
2025,10,ut rio grande valley,2.278,73,0.0495,-0.0267,100.19,2300
2025,10,louisiana tech,1.474,74,-0.032,0.0468,100.19,2300
2025,10,southern illinois,1.436,75,0.0759,-0.0616,100.19,2300
2025,10,montana,1.357,76,0.046,-0.0325,100.19,2300
2025,10,state thomas mn,1.157,77,0.0211,-0.0095,100.19,2300
2025,10,jackson state,1.103,78,0.0497,-0.0387,100.19,2300
2025,10,uc davis,1.021,79,0.074,-0.0639,100.19,2300
2025,10,stephen f austin,0.754,80,-0.0875,0.095,100.19,2300
2025,10,north carolina central,0.463,81,0.0065,-0.0019,100.19,2300
2025,10,south carolina,0.283,82,-0.0647,0.0675,100.19,2300
2025,10,tulane,0.007,83,0.0163,-0.0162,100.19,2300
2025,10,uconn,-0.193,84,0.0523,-0.0542,100.19,2300
2025,10,new mexico,-0.588,85,0.0205,-0.0264,100.19,2300
2025,10,utsa,-0.599,86,-0.0063,0.0004,100.19,2300
2025,10,rhode island,-1.443,87,0.0265,-0.0409,100.19,2300
2025,10,michigan state,-1.964,88,0.0003,-0.0199,100.19,2300
2025,10,western kentucky,-2.136,89,-0.0234,0.0021,100.19,2300
2025,10,drake,-2.211,90,0.0122,-0.0343,100.19,2300
2025,10,purdue,-2.391,91,-0.0134,-0.0104,100.19,2300
2025,10,southern miss,-2.459,92,-0.0346,0.0101,100.19,2300
2025,10,delaware state,-2.905,93,0.0605,-0.0895,100.19,2300
2025,10,houston,-2.997,94,-0.0361,0.0062,100.19,2300
2025,10,washington state,-3.146,95,-0.0499,0.0185,100.19,2300
2025,10,san jose state,-3.186,96,0.0548,-0.0866,100.19,2300
2025,10,youngstown state,-3.275,97,0.0393,-0.0719,100.19,2300
2025,10,west virginia,-3.33,98,-0.0545,0.0213,100.19,2300
2025,10,fresno state,-3.835,99,-0.0504,0.0121,100.19,2300
2025,10,south dakota state,-3.836,100,-0.0781,0.0398,100.19,2300
2025,10,army,-3.892,101,-0.0428,0.004,100.19,2300
2025,10,maryland,-3.986,102,-0.102,0.0623,100.19,2300
2025,10,southern utah,-4.166,103,0.068,-0.1096,100.19,2300
2025,10,kentucky,-4.177,104,-0.0538,0.0121,100.19,2300
2025,10,northwestern,-4.277,105,-0.0358,-0.0069,100.19,2300
2025,10,liberty,-4.465,106,-0.0096,-0.035,100.19,2300
2025,10,ohio,-4.477,107,-0.011,-0.0337,100.19,2300
2025,10,kennesaw state,-4.585,108,-0.0036,-0.0421,100.19,2300
2025,10,sacramento state,-4.613,109,0.0041,-0.0502,100.19,2300
2025,10,wyoming,-4.741,110,-0.1102,0.0628,100.19,2300
2025,10,florida atlantic,-4.784,111,-0.0168,-0.031,100.19,2300
2025,10,texas state,-4.933,112,0.0521,-0.1014,100.19,2300
2025,10,west georgia,-4.948,113,-0.0742,0.0248,100.19,2300
2025,10,yale,-5.085,114,-0.0623,0.0115,100.19,2300
2025,10,minnesota,-5.214,115,-0.0782,0.0262,100.19,2300
2025,10,idaho,-5.287,116,-0.0007,-0.0521,100.19,2300
2025,10,boston college,-5.325,117,-0.0068,-0.0464,100.19,2300
2025,10,elon,-5.408,118,-0.0599,0.0059,100.19,2300
2025,10,california,-5.508,119,-0.0684,0.0134,100.19,2300
2025,10,north carolina,-5.577,120,-0.1035,0.0478,100.19,2300
2025,10,central michigan,-5.827,121,-0.0414,-0.0167,100.19,2300
2025,10,ucla,-5.854,122,-0.0107,-0.0477,100.19,2300
2025,10,western michigan,-5.875,123,-0.1159,0.0573,100.19,2300
2025,10,marshall,-5.993,124,-0.0464,-0.0134,100.19,2300
2025,10,western carolina,-6.03,125,0.0418,-0.102,100.19,2300
2025,10,dayton,-6.106,126,-0.0539,-0.007,100.19,2300
2025,10,colorado,-6.248,127,-0.0346,-0.0278,100.19,2300
2025,10,pennsylvania,-6.617,128,0.0213,-0.0874,100.19,2300
2025,10,utah state,-6.711,129,-0.003,-0.0639,100.19,2300
2025,10,colorado state,-6.884,130,0.0006,-0.0694,100.19,2300
2025,10,villanova,-7.186,131,-0.0023,-0.0694,100.19,2300
2025,10,south carolina state,-7.228,132,-0.0308,-0.0414,100.19,2300
2025,10,rutgers,-7.255,133,0.0468,-0.1192,100.19,2300
2025,10,adrian,-7.345,134,-0.0649,-0.0084,100.19,2300
2025,10,oregon state,-7.563,135,-0.0314,-0.0441,100.19,2300
2025,10,miami oh,-7.702,136,-0.0787,0.0018,100.19,2300
2025,10,idaho state,-7.788,137,-0.0083,-0.0694,100.19,2300
2025,10,chadron state,-7.979,138,-0.0559,-0.0237,100.19,2300
2025,10,temple,-8.005,139,-0.007,-0.0729,100.19,2300
2025,10,abilene christian,-8.012,140,-0.0138,-0.0661,100.19,2300
2025,10,delaware,-8.406,141,0.016,-0.0999,100.19,2300
2025,10,virginia tech,-8.51,142,0.0028,-0.0878,100.19,2300
2025,10,florida international,-8.61,143,-0.0709,-0.015,100.19,2300
2025,10,maine,-8.62,144,-0.0778,-0.0082,100.19,2300
2025,10,bowie state,-8.775,145,-0.0717,-0.0159,100.19,2300
2025,10,troy,-9.029,146,-0.0713,-0.0188,100.19,2300
2025,10,unlv,-9.446,147,0.0409,-0.1352,100.19,2300
2025,10,prairie view a and m,-9.55,148,-0.0778,-0.0175,100.19,2300
2025,10,saginaw valley state,-9.756,149,-0.0397,-0.0577,100.19,2300
2025,10,jacksonville state,-9.791,150,-0.0365,-0.0612,100.19,2300
2025,10,duquesne,-9.832,151,-0.0232,-0.075,100.19,2300
2025,10,tulsa,-9.91,152,-0.0781,-0.0209,100.19,2300
2025,10,stony brook,-9.912,153,-0.0999,0.0009,100.19,2300
2025,10,wisconsin,-9.93,154,-0.0655,-0.0336,100.19,2300
2025,10,coastal carolina,-10.192,155,-0.0914,-0.0103,100.19,2300
2025,10,uab,-10.288,156,0.0274,-0.13,100.19,2300
2025,10,towson,-10.299,157,-0.0361,-0.0667,100.19,2300
2025,10,chattanooga,-10.359,158,-0.0525,-0.0508,100.19,2300
2025,10,app state,-10.412,159,-0.0748,-0.0291,100.19,2300
2025,10,northern colorado,-10.463,160,-0.0838,-0.0206,100.19,2300
2025,10,south dakota,-10.55,161,-0.0058,-0.0995,100.19,2300
2025,10,syracuse,-10.649,162,-0.0555,-0.0507,100.19,2300
2025,10,east tennessee state,-11.427,163,-0.0632,-0.0508,100.19,2300
2025,10,webber international,-11.661,164,-0.1063,-0.01,100.19,2300
2025,10,stanford,-11.904,165,-0.0991,-0.0197,100.19,2300
2025,10,elizabeth city state,-11.978,166,-0.0475,-0.072,100.19,2300
2025,10,cal poly,-11.988,167,-0.0707,-0.049,100.19,2300
2025,10,air force,-12.066,168,0.107,-0.2275,100.19,2300
2025,10,new haven,-12.299,169,-0.0934,-0.0294,100.19,2300
2025,10,texas wesleyan,-12.308,170,-0.1009,-0.022,100.19,2300
2025,10,south alabama,-12.859,171,-0.0245,-0.1039,100.19,2300
2025,10,hawaii,-12.913,172,-0.0828,-0.0461,100.19,2300
2025,10,illinois state,-13.007,173,-0.0343,-0.0955,100.19,2300
2025,10,butler,-13.097,174,-0.0328,-0.0979,100.19,2300
2025,10,pace,-13.14,175,-0.073,-0.0581,100.19,2300
2025,10,sacred heart,-13.277,176,-0.0029,-0.1296,100.19,2300
2025,10,louisiana,-13.311,177,-0.0827,-0.0501,100.19,2300
2025,10,ul monroe,-13.478,178,-0.0703,-0.0642,100.19,2300
2025,10,gardner webb,-13.547,179,-0.0384,-0.0968,100.19,2300
2025,10,new hampshire,-13.657,180,-0.0593,-0.077,100.19,2300
2025,10,cornell,-13.746,181,-0.1476,0.0104,100.19,2300
2025,10,buffalo,-13.917,182,-0.1255,-0.0134,100.19,2300
2025,10,missouri state,-14.028,183,-0.0464,-0.0936,100.19,2300
2025,10,richmond,-14.064,184,-0.1245,-0.0159,100.19,2300
2025,10,merrimack,-14.138,185,-0.1027,-0.0384,100.19,2300
2025,10,eastern kentucky,-14.215,186,-0.1347,-0.0072,100.19,2300
2025,10,brown,-14.305,187,-0.0656,-0.0772,100.19,2300
2025,10,erskine,-14.572,188,-0.0856,-0.0599,100.19,2300
2025,10,rice,-14.578,189,-0.1144,-0.0311,100.19,2300
2025,10,utep,-14.583,190,-0.2124,0.0668,100.19,2300
2025,10,east texas a and m,-14.846,191,-0.0575,-0.0907,100.19,2300
2025,10,lafayette,-14.945,192,-0.0634,-0.0857,100.19,2300
2025,10,new mexico state,-14.957,193,-0.1536,0.0044,100.19,2300
2025,10,northern arizona,-15.041,194,-0.0282,-0.1219,100.19,2300
2025,10,allen,-15.07,195,-0.0264,-0.1241,100.19,2300
2025,10,lamar,-15.074,196,-0.1502,-0.0002,100.19,2300
2025,10,georgia state,-15.164,197,-0.048,-0.1033,100.19,2300
2025,10,kentucky state,-15.21,198,-0.0248,-0.127,100.19,2300
2025,10,princeton,-15.285,199,-0.0498,-0.1028,100.19,2300
2025,10,northern michigan,-15.295,200,-0.099,-0.0536,100.19,2300
2025,10,arkansas state,-15.509,201,-0.1002,-0.0546,100.19,2300
2025,10,long island university,-15.566,202,-0.165,0.0097,100.19,2300
2025,10,northeastern state,-15.669,203,-0.0848,-0.0716,100.19,2300
2025,10,incarnate word,-15.718,204,-0.0922,-0.0647,100.19,2300
2025,10,georgia southern,-15.747,205,-0.007,-0.1502,100.19,2300
2025,10,middle tennessee,-16.128,206,-0.0855,-0.0755,100.19,2300
2025,10,central connecticut,-16.156,207,-0.1218,-0.0395,100.19,2300
2025,10,nevada,-16.393,208,-0.1294,-0.0342,100.19,2300
2025,10,san diego,-16.409,209,-0.1032,-0.0606,100.19,2300
2025,10,central arkansas,-16.42,210,-0.0539,-0.11,100.19,2300
2025,10,colgate,-16.569,211,-0.0217,-0.1437,100.19,2300
2025,10,eastern michigan,-16.671,212,0.0008,-0.1672,100.19,2300
2025,10,bowling green,-16.704,213,-0.1367,-0.03,100.19,2300
2025,10,fayetteville state,-16.985,214,-0.0867,-0.0828,100.19,2300
2025,10,morgan state,-17.052,215,-0.1005,-0.0697,100.19,2300
2025,10,lindenwood,-17.141,216,-0.0494,-0.1217,100.19,2300
2025,10,miles,-17.21,217,-0.1361,-0.0357,100.19,2300
2025,10,virginia state,-17.337,218,-0.1095,-0.0636,100.19,2300
2025,10,central state,-17.542,219,-0.1852,0.0102,100.19,2300
2025,10,utah tech,-17.62,220,-0.1227,-0.0532,100.19,2300
2025,10,southeast missouri state,-17.655,221,-0.0948,-0.0815,100.19,2300
2025,10,akron,-17.741,222,-0.1129,-0.0642,100.19,2300
2025,10,mckendree,-17.796,223,-0.0962,-0.0814,100.19,2300
2025,10,lincoln pa,-18.109,224,-0.1082,-0.0725,100.19,2300
2025,10,nicholls,-18.392,225,-0.1496,-0.034,100.19,2300
2025,10,northern illinois,-18.402,226,-0.1565,-0.0271,100.19,2300
2025,10,upper iowa,-18.565,227,-0.1129,-0.0723,100.19,2300
2025,10,alcorn state,-18.588,228,-0.1225,-0.063,100.19,2300
2025,10,furman,-18.773,229,-0.0997,-0.0876,100.19,2300
2025,10,grambling,-19.267,230,-0.1565,-0.0358,100.19,2300
2025,10,bucknell,-19.606,231,-0.0234,-0.1723,100.19,2300
2025,10,edward waters,-19.675,232,-0.1596,-0.0367,100.19,2300
2025,10,mcneese,-19.709,233,-0.0902,-0.1065,100.19,2300
2025,10,tuskegee,-19.727,234,-0.1249,-0.072,100.19,2300
2025,10,bethune cookman,-20.079,235,-0.0274,-0.1731,100.19,2300
2025,10,hanover,-20.355,236,-0.1647,-0.0385,100.19,2300
2025,10,wofford,-20.376,237,-0.2235,0.0201,100.19,2300
2025,10,kentucky christian,-20.414,238,-0.0065,-0.1972,100.19,2300
2025,10,howard,-20.468,239,-0.1617,-0.0426,100.19,2300
2025,10,charleston southern,-20.475,240,-0.1233,-0.0811,100.19,2300
2025,10,william and mary,-20.513,241,-0.0512,-0.1535,100.19,2300
2025,10,holy cross,-20.659,242,-0.1628,-0.0434,100.19,2300
2025,10,marist,-20.767,243,-0.1942,-0.0131,100.19,2300
2025,10,stonehill,-20.829,244,-0.1625,-0.0454,100.19,2300
2025,10,american international,-20.834,245,-0.1425,-0.0654,100.19,2300
2025,10,northern iowa,-21.256,246,-0.1494,-0.0627,100.19,2300
2025,10,norfolk state,-21.415,247,-0.1105,-0.1032,100.19,2300
2025,10,north alabama,-21.826,248,-0.0921,-0.1258,100.19,2300
2025,10,houston christian,-21.893,249,-0.2042,-0.0143,100.19,2300
2025,10,west liberty,-22.122,250,-0.108,-0.1128,100.19,2300
2025,10,ut martin,-22.256,251,-0.0787,-0.1435,100.19,2300
2025,10,the citadel,-22.259,252,-0.0904,-0.1318,100.19,2300
2025,10,alabama a and m,-22.38,253,-0.1389,-0.0845,100.19,2300
2025,10,lane college,-22.486,254,-0.1841,-0.0403,100.19,2300
2025,10,bryant,-22.509,255,-0.1373,-0.0874,100.19,2300
2025,10,eastern washington,-22.849,256,-0.1609,-0.0672,100.19,2300
2025,10,ball state,-23.104,257,-0.127,-0.1036,100.19,2300
2025,10,kent state,-23.186,258,-0.117,-0.1144,100.19,2300
2025,10,charlotte,-23.217,259,-0.1091,-0.1226,100.19,2300
2025,10,eastern illinois,-23.225,260,-0.1532,-0.0786,100.19,2300
2025,10,indiana state,-23.293,261,-0.1309,-0.1015,100.19,2300
2025,10,texas southern,-23.355,262,-0.1255,-0.1076,100.19,2300
2025,10,bluefield,-23.391,263,-0.1351,-0.0983,100.19,2300
2025,10,ualbany,-23.507,264,-0.1616,-0.0731,100.19,2300
2025,10,thomas more,-23.643,265,-0.1817,-0.0543,100.19,2300
2025,10,columbia,-23.657,266,-0.1707,-0.0654,100.19,2300
2025,10,weber state,-23.76,267,-0.1483,-0.0889,100.19,2300
2025,10,bentley,-24.018,268,-0.123,-0.1167,100.19,2300
2025,10,samford,-24.164,269,-0.1624,-0.0788,100.19,2300
2025,10,georgetown,-24.217,270,-0.1512,-0.0905,100.19,2300
2025,10,campbell,-24.27,271,-0.148,-0.0942,100.19,2300
2025,10,western oregon,-24.333,272,-0.1373,-0.1056,100.19,2300
2025,10,hampton,-24.543,273,-0.104,-0.141,100.19,2300
2025,10,oklahoma state,-24.607,274,-0.1552,-0.0904,100.19,2300
2025,10,saint francis,-24.698,275,-0.1601,-0.0864,100.19,2300
2025,10,robert morris,-25.059,276,-0.1435,-0.1066,100.19,2300
2025,10,valparaiso,-25.12,277,-0.2044,-0.0463,100.19,2300
2025,10,mercyhurst,-25.316,278,-0.0996,-0.1531,100.19,2300
2025,10,fordham,-25.321,279,-0.1808,-0.0719,100.19,2300
2025,10,greensboro,-25.826,280,-0.1577,-0.1001,100.19,2300
2025,10,southern,-27.279,281,-0.1461,-0.1262,100.19,2300
2025,10,sam houston,-27.558,282,-0.1158,-0.1593,100.19,2300
2025,10,warner,-27.827,283,-0.1166,-0.1612,100.19,2300
2025,10,ferrum,-27.931,284,-0.1809,-0.0978,100.19,2300
2025,10,savannah state,-28.116,285,-0.2152,-0.0655,100.19,2300
2025,10,morehead state,-28.378,286,-0.1042,-0.179,100.19,2300
2025,10,mississippi valley state,-28.905,287,-0.1644,-0.1241,100.19,2300
2025,10,florida a and m,-29.761,288,-0.1495,-0.1475,100.19,2300
2025,10,louisiana christian,-30.021,289,-0.1425,-0.1572,100.19,2300
2025,10,vmi,-30.216,290,-0.1617,-0.1398,100.19,2300
2025,10,western illinois,-30.512,291,-0.1147,-0.1899,100.19,2300
2025,10,wagner,-31.158,292,-0.2385,-0.0725,100.19,2300
2025,10,tennessee state,-31.26,293,-0.2465,-0.0655,100.19,2300
2025,10,portland state,-32.61,294,-0.1636,-0.1618,100.19,2300
2025,10,massachusetts,-32.612,295,-0.1963,-0.1292,100.19,2300
2025,10,murray state,-33.798,296,-0.116,-0.2213,100.19,2300
2025,10,morehouse,-33.995,297,-0.1384,-0.2009,100.19,2300
2025,10,stetson,-33.998,298,-0.1868,-0.1526,100.19,2300
2025,10,north carolina a and t,-34.517,299,-0.1813,-0.1632,100.19,2300
2025,10,cumberland tn,-34.565,300,-0.1935,-0.1515,100.19,2300
2025,10,arkansas pine bluff,-34.624,301,-0.1901,-0.1554,100.19,2300
2025,10,virginia lynchburg,-35.506,302,-0.1955,-0.1588,100.19,2300
2025,10,davidson,-35.652,303,-0.0987,-0.2572,100.19,2300
2025,10,arkansas baptist,-35.669,304,-0.1945,-0.1616,100.19,2300
2025,10,western connecticut state,-39.385,305,-0.2072,-0.1859,100.19,2300
2025,10,southern connecticut state,-39.669,306,-0.1247,-0.2713,100.19,2300
2025,10,northwestern state,-46.423,307,-0.2531,-0.2102,100.19,2300
2025,10,langston,-48.238,308,-0.2579,-0.2236,100.19,2300
2025,10,sul ross state,-51.982,309,-0.2746,-0.2443,100.19,2300
2025,10,lincoln ca,-67.254,310,-0.3577,-0.3135,100.19,2300
2025,11,ohio state,32.585,1,0.1938,0.1385,98.04,2530
2025,11,indiana,29.816,2,0.1743,0.1298,98.04,2530
2025,11,oregon,29.577,3,0.1709,0.1307,98.04,2530
2025,11,utah,25.724,4,0.1454,0.117,98.04,2530
2025,11,usc,23.032,5,0.2105,0.0244,98.04,2530
2025,11,notre dame,22.158,6,0.1217,0.1043,98.04,2530
2025,11,miami,20.518,7,0.0601,0.1492,98.04,2530
2025,11,texas tech,20.5,8,0.0581,0.151,98.04,2530
2025,11,north dakota state,20.238,9,0.1258,0.0807,98.04,2530
2025,11,oklahoma,19.907,10,0.0163,0.1867,98.04,2530
2025,11,alabama,19.369,11,0.1093,0.0883,98.04,2530
2025,11,texas a and m,19.091,12,0.1308,0.0639,98.04,2530
2025,11,georgia,18.905,13,0.1147,0.0781,98.04,2530
2025,11,ole miss,18.851,14,0.131,0.0612,98.04,2530
2025,11,tennessee,17.939,15,0.1648,0.0182,98.04,2530
2025,11,montana state,17.535,16,0.1494,0.0295,98.04,2530
2025,11,florida state,17.355,17,0.1438,0.0332,98.04,2530
2025,11,vanderbilt,16.885,18,0.1994,-0.0272,98.04,2530
2025,11,byu,16.352,19,0.0745,0.0922,98.04,2530
2025,11,south florida,15.828,20,0.1102,0.0512,98.04,2530
2025,11,washington,15.579,21,0.1214,0.0375,98.04,2530
2025,11,missouri,15.224,22,0.0636,0.0917,98.04,2530
2025,11,harvard,14.003,23,0.0896,0.0532,98.04,2530
2025,11,michigan,13.671,24,0.0606,0.0789,98.04,2530
2025,11,old dominion,13.33,25,0.072,0.0639,98.04,2530
2025,11,toledo,13.242,26,0.0357,0.0993,98.04,2530
2025,11,james madison,12.691,27,0.0127,0.1167,98.04,2530
2025,11,smu,12.249,28,0.0406,0.0843,98.04,2530
2025,11,texas,12.028,29,0.0111,0.1116,98.04,2530
2025,11,cincinnati,11.447,30,0.1465,-0.0298,98.04,2530
2025,11,auburn,11.038,31,-0.0022,0.1148,98.04,2530
2025,11,arkansas,9.862,32,0.1653,-0.0647,98.04,2530
2025,11,mercer,9.818,33,0.0742,0.026,98.04,2530
2025,11,pittsburgh,9.761,34,0.019,0.0805,98.04,2530
2025,11,lsu,9.478,35,0.0127,0.084,98.04,2530
2025,11,north texas,9.358,36,0.1133,-0.0179,98.04,2530
2025,11,nc state,9.352,37,0.1071,-0.0117,98.04,2530
2025,11,memphis,9.04,38,0.0888,0.0034,98.04,2530
2025,11,penn state,9.015,39,0.054,0.0379,98.04,2530
2025,11,georgia tech,8.84,40,0.1186,-0.0284,98.04,2530
2025,11,louisville,8.807,41,0.0201,0.0697,98.04,2530
2025,11,east carolina,8.309,42,0.0145,0.0703,98.04,2530
2025,11,presbyterian,7.95,43,0.0405,0.0406,98.04,2530
2025,11,baylor,7.774,44,0.0758,0.0035,98.04,2530
2025,11,tennessee tech,7.763,45,0.0314,0.0478,98.04,2530
2025,11,iowa state,7.171,46,0.0202,0.053,98.04,2530
2025,11,san diego state,6.86,47,-0.0505,0.1204,98.04,2530
2025,11,tcu,6.677,48,0.0578,0.0103,98.04,2530
2025,11,iowa,6.561,49,-0.0315,0.0984,98.04,2530
2025,11,florida,6.479,50,0.0022,0.0638,98.04,2530
2025,11,mississippi state,6.334,51,0.0578,0.0068,98.04,2530
2025,11,wake forest,6.133,52,-0.0915,0.154,98.04,2530
2025,11,boise state,6.111,53,-0.0039,0.0662,98.04,2530
2025,11,nebraska,6.029,54,0.0449,0.0166,98.04,2530
2025,11,tarleton state,5.514,55,0.0601,-0.0038,98.04,2530
2025,11,duke,5.464,56,0.0978,-0.0421,98.04,2530
2025,11,illinois,5.225,57,0.0649,-0.0116,98.04,2530
2025,11,clemson,5.129,58,0.0178,0.0346,98.04,2530
2025,11,arizona,4.604,59,-0.0021,0.0491,98.04,2530
2025,11,kansas state,4.58,60,0.0172,0.0295,98.04,2530
2025,11,virginia,4.29,61,0.0015,0.0422,98.04,2530
2025,11,north dakota,4.197,62,-0.0244,0.0672,98.04,2530
2025,11,lehigh,3.974,63,0.0243,0.0162,98.04,2530
2025,11,stephen f austin,3.835,64,-0.0746,0.1137,98.04,2530
2025,11,jackson state,3.768,65,0.049,-0.0106,98.04,2530
2025,11,kansas,3.485,66,0.0837,-0.0482,98.04,2530
2025,11,arizona state,3.304,67,-0.0055,0.0392,98.04,2530
2025,11,alabama state,2.935,68,0.1369,-0.107,98.04,2530
2025,11,austin peay,2.89,69,0.0461,-0.0166,98.04,2530
2025,11,se louisiana,2.439,70,-0.0056,0.0304,98.04,2530
2025,11,tulane,2.32,71,0.0456,-0.0219,98.04,2530
2025,11,dartmouth,1.692,72,0.0427,-0.0254,98.04,2530
2025,11,navy,1.681,73,0.1045,-0.0874,98.04,2530
2025,11,south carolina,1.611,74,-0.0529,0.0693,98.04,2530
2025,11,state thomas mn,1.53,75,0.0153,0.0003,98.04,2530
2025,11,kentucky,1.505,76,-0.0207,0.0361,98.04,2530
2025,11,louisiana tech,1.408,77,-0.0365,0.0509,98.04,2530
2025,11,ucf,1.323,78,-0.0283,0.0418,98.04,2530
2025,11,ut rio grande valley,1.166,79,0.0564,-0.0445,98.04,2530
2025,11,uc davis,1.148,80,0.0718,-0.06,98.04,2530
2025,11,rhode island,0.957,81,0.0411,-0.0313,98.04,2530
2025,11,monmouth,0.22,82,0.0929,-0.0906,98.04,2530
2025,11,new mexico,0.164,83,0.0267,-0.0251,98.04,2530
2025,11,montana,-0.334,84,0.0413,-0.0447,98.04,2530
2025,11,uconn,-0.733,85,0.0574,-0.0649,98.04,2530
2025,11,southern illinois,-0.754,86,0.0889,-0.0966,98.04,2530
2025,11,houston,-1.082,87,-0.0279,0.0169,98.04,2530
2025,11,san jose state,-1.305,88,0.0533,-0.0666,98.04,2530
2025,11,southern utah,-1.426,89,0.0894,-0.1039,98.04,2530
2025,11,utsa,-1.591,90,-0.0001,-0.0161,98.04,2530
2025,11,western kentucky,-1.671,91,-0.0156,-0.0014,98.04,2530
2025,11,southern miss,-1.687,92,-0.0303,0.0131,98.04,2530
2025,11,texas state,-1.837,93,0.0811,-0.0999,98.04,2530
2025,11,michigan state,-2.266,94,-0.0051,-0.018,98.04,2530
2025,11,youngstown state,-2.336,95,0.0715,-0.0953,98.04,2530
2025,11,delaware state,-2.717,96,0.0501,-0.0778,98.04,2530
2025,11,purdue,-2.744,97,-0.0126,-0.0154,98.04,2530
2025,11,northwestern,-2.906,98,-0.0285,-0.0012,98.04,2530
2025,11,unlv,-3.343,99,0.0658,-0.1,98.04,2530
2025,11,drake,-3.754,100,-0.0054,-0.0329,98.04,2530
2025,11,west georgia,-3.797,101,-0.0751,0.0364,98.04,2530
2025,11,washington state,-3.983,102,-0.0431,0.0025,98.04,2530
2025,11,south carolina state,-4.034,103,-0.0221,-0.019,98.04,2530
2025,11,north carolina central,-4.04,104,-0.0113,-0.0299,98.04,2530
2025,11,utah state,-4.079,105,0.0032,-0.0448,98.04,2530
2025,11,california,-4.383,106,-0.0531,0.0084,98.04,2530
2025,11,sacramento state,-4.39,107,0.004,-0.0488,98.04,2530
2025,11,west virginia,-4.428,108,-0.0623,0.0172,98.04,2530
2025,11,yale,-4.616,109,-0.0605,0.0134,98.04,2530
2025,11,fresno state,-4.75,110,-0.0489,0.0004,98.04,2530
2025,11,south dakota state,-4.794,111,-0.0815,0.0326,98.04,2530
2025,11,prairie view a and m,-4.83,112,-0.042,-0.0073,98.04,2530
2025,11,kennesaw state,-4.838,113,-0.0101,-0.0393,98.04,2530
2025,11,wyoming,-4.886,114,-0.1068,0.057,98.04,2530
2025,11,minnesota,-4.947,115,-0.0798,0.0293,98.04,2530
2025,11,colorado,-4.958,116,-0.0303,-0.0202,98.04,2530
2025,11,florida atlantic,-5.084,117,-0.0198,-0.0321,98.04,2530
2025,11,maryland,-5.348,118,-0.0948,0.0402,98.04,2530
2025,11,ohio,-5.411,119,-0.012,-0.0432,98.04,2530
2025,11,western michigan,-5.412,120,-0.111,0.0558,98.04,2530
2025,11,ucla,-5.502,121,0.0039,-0.06,98.04,2530
2025,11,idaho,-5.598,122,-0.0055,-0.0516,98.04,2530
2025,11,villanova,-5.726,123,-0.0008,-0.0576,98.04,2530
2025,11,central michigan,-5.775,124,-0.038,-0.0209,98.04,2530
2025,11,liberty,-5.801,125,-0.0189,-0.0403,98.04,2530
2025,11,army,-5.876,126,-0.0477,-0.0122,98.04,2530
2025,11,marshall,-5.907,127,-0.0465,-0.0137,98.04,2530
2025,11,rutgers,-6.117,128,0.0625,-0.1249,98.04,2530
2025,11,florida international,-6.468,129,-0.0522,-0.0138,98.04,2530
2025,11,abilene christian,-6.49,130,-0.0174,-0.0488,98.04,2530
2025,11,idaho state,-6.721,131,0.0028,-0.0714,98.04,2530
2025,11,dayton,-6.762,132,-0.0573,-0.0117,98.04,2530
2025,11,miami oh,-6.815,133,-0.0706,0.0011,98.04,2530
2025,11,temple,-6.861,134,0.0006,-0.0706,98.04,2530
2025,11,western carolina,-7.385,135,0.0392,-0.1145,98.04,2530
2025,11,virginia tech,-7.805,136,0.0036,-0.0832,98.04,2530
2025,11,elon,-7.961,137,-0.0691,-0.0121,98.04,2530
2025,11,delaware,-8.233,138,0.0057,-0.0897,98.04,2530
2025,11,maine,-8.304,139,-0.0801,-0.0046,98.04,2530
2025,11,cornell,-8.361,140,-0.0996,0.0143,98.04,2530
2025,11,boston college,-8.402,141,-0.0182,-0.0675,98.04,2530
2025,11,adrian,-8.435,142,-0.0761,-0.0099,98.04,2530
2025,11,jacksonville state,-8.639,143,-0.0131,-0.075,98.04,2530
2025,11,north carolina,-8.659,144,-0.1079,0.0196,98.04,2530
2025,11,oregon state,-8.691,145,-0.0572,-0.0315,98.04,2530
2025,11,hawaii,-8.716,146,-0.0652,-0.0237,98.04,2530
2025,11,stanford,-8.717,147,-0.0745,-0.0145,98.04,2530
2025,11,bowie state,-8.977,148,-0.0686,-0.023,98.04,2530
2025,11,syracuse,-9.004,149,-0.0551,-0.0367,98.04,2530
2025,11,troy,-9.029,150,-0.0746,-0.0175,98.04,2530
2025,11,wisconsin,-9.498,151,-0.0915,-0.0054,98.04,2530
2025,11,east tennessee state,-9.516,152,-0.0514,-0.0456,98.04,2530
2025,11,saginaw valley state,-9.529,153,-0.0421,-0.0551,98.04,2530
2025,11,uab,-9.641,154,0.0022,-0.1005,98.04,2530
2025,11,northern arizona,-9.673,155,0.0116,-0.1102,98.04,2530
2025,11,chadron state,-9.997,156,-0.0699,-0.032,98.04,2530
2025,11,tulsa,-10.256,157,-0.0822,-0.0224,98.04,2530
2025,11,south dakota,-10.513,158,-0.003,-0.1042,98.04,2530
2025,11,illinois state,-10.565,159,-0.0214,-0.0864,98.04,2530
2025,11,coastal carolina,-10.659,160,-0.0881,-0.0206,98.04,2530
2025,11,new haven,-10.685,161,-0.0748,-0.0341,98.04,2530
2025,11,sacred heart,-11.127,162,0.0016,-0.1151,98.04,2530
2025,11,duquesne,-11.298,163,-0.032,-0.0832,98.04,2530
2025,11,webber international,-11.575,164,-0.1093,-0.0088,98.04,2530
2025,11,stony brook,-11.661,165,-0.1025,-0.0165,98.04,2530
2025,11,new hampshire,-11.717,166,-0.0595,-0.06,98.04,2530
2025,11,cal poly,-11.72,167,-0.0623,-0.0572,98.04,2530
2025,11,air force,-11.946,168,0.0962,-0.218,98.04,2530
2025,11,towson,-12.366,169,-0.0556,-0.0705,98.04,2530
2025,11,missouri state,-12.393,170,-0.0427,-0.0837,98.04,2530
2025,11,elizabeth city state,-12.569,171,-0.0516,-0.0766,98.04,2530
2025,11,chattanooga,-12.678,172,-0.05,-0.0793,98.04,2530
2025,11,pennsylvania,-12.768,173,0.0118,-0.142,98.04,2530
2025,11,app state,-12.771,174,-0.0776,-0.0526,98.04,2530
2025,11,south alabama,-12.787,175,-0.0281,-0.1023,98.04,2530
2025,11,texas wesleyan,-12.831,176,-0.1076,-0.0233,98.04,2530
2025,11,pace,-12.84,177,-0.0754,-0.0555,98.04,2530
2025,11,incarnate word,-12.91,178,-0.0827,-0.049,98.04,2530
2025,11,princeton,-13.061,179,-0.048,-0.0853,98.04,2530
2025,11,lamar,-13.214,180,-0.1566,0.0218,98.04,2530
2025,11,colorado state,-13.242,181,-0.0382,-0.0968,98.04,2530
2025,11,georgia southern,-13.53,182,0.0069,-0.1449,98.04,2530
2025,11,central connecticut,-13.56,183,-0.0976,-0.0407,98.04,2530
2025,11,ul monroe,-13.634,184,-0.0708,-0.0683,98.04,2530
2025,11,buffalo,-13.864,185,-0.1208,-0.0206,98.04,2530
2025,11,long island university,-13.864,186,-0.1608,0.0194,98.04,2530
2025,11,gardner webb,-14.334,187,-0.0532,-0.093,98.04,2530
2025,11,new mexico state,-14.364,188,-0.1515,0.005,98.04,2530
2025,11,richmond,-14.541,189,-0.1225,-0.0258,98.04,2530
2025,11,san diego,-14.678,190,-0.0834,-0.0663,98.04,2530
2025,11,northern michigan,-14.831,191,-0.0943,-0.0569,98.04,2530
2025,11,central arkansas,-14.915,192,-0.0457,-0.1065,98.04,2530
2025,11,georgia state,-14.975,193,-0.049,-0.1037,98.04,2530
2025,11,allen,-15.041,194,-0.0271,-0.1263,98.04,2530
2025,11,brown,-15.054,195,-0.0732,-0.0804,98.04,2530
2025,11,wofford,-15.058,196,-0.1964,0.0428,98.04,2530
2025,11,butler,-15.129,197,-0.0421,-0.1122,98.04,2530
2025,11,eastern michigan,-15.168,198,-0.0046,-0.1501,98.04,2530
2025,11,utep,-15.281,199,-0.1962,0.0404,98.04,2530
2025,11,kentucky state,-15.417,200,-0.0256,-0.1317,98.04,2530
2025,11,lafayette,-15.486,201,-0.0505,-0.1074,98.04,2530
2025,11,merrimack,-15.496,202,-0.1021,-0.056,98.04,2530
2025,11,northern colorado,-15.509,203,-0.0979,-0.0602,98.04,2530
2025,11,rice,-15.613,204,-0.1464,-0.0129,98.04,2530
2025,11,east texas a and m,-15.648,205,-0.0593,-0.1003,98.04,2530
2025,11,arkansas state,-15.833,206,-0.0973,-0.0642,98.04,2530
2025,11,erskine,-15.892,207,-0.0837,-0.0783,98.04,2530
2025,11,virginia state,-15.919,208,-0.1046,-0.0578,98.04,2530
2025,11,louisiana,-16.071,209,-0.0802,-0.0838,98.04,2530
2025,11,akron,-16.18,210,-0.103,-0.062,98.04,2530
2025,11,northeastern state,-16.333,211,-0.0877,-0.0789,98.04,2530
2025,11,norfolk state,-16.522,212,-0.0823,-0.0862,98.04,2530
2025,11,nicholls,-16.883,213,-0.1345,-0.0377,98.04,2530
2025,11,colgate,-16.946,214,-0.0108,-0.162,98.04,2530
2025,11,eastern kentucky,-17.157,215,-0.1461,-0.0289,98.04,2530
2025,11,miles,-17.577,216,-0.1378,-0.0415,98.04,2530
2025,11,bowling green,-17.761,217,-0.1527,-0.0285,98.04,2530
2025,11,middle tennessee,-17.915,218,-0.0849,-0.0978,98.04,2530
2025,11,utah tech,-17.937,219,-0.1413,-0.0416,98.04,2530
2025,11,southeast missouri state,-17.957,220,-0.1094,-0.0738,98.04,2530
2025,11,central state,-18.067,221,-0.1843,0.0,98.04,2530
2025,11,morgan state,-18.095,222,-0.1201,-0.0645,98.04,2530
2025,11,furman,-18.421,223,-0.0829,-0.105,98.04,2530
2025,11,lindenwood,-18.425,224,-0.066,-0.1219,98.04,2530
2025,11,fayetteville state,-18.55,225,-0.0969,-0.0923,98.04,2530
2025,11,nevada,-18.6,226,-0.1481,-0.0417,98.04,2530
2025,11,lincoln pa,-18.712,227,-0.1118,-0.0791,98.04,2530
2025,11,tuskegee,-18.84,228,-0.1163,-0.0759,98.04,2530
2025,11,mckendree,-19.055,229,-0.1052,-0.0891,98.04,2530
2025,11,mcneese,-19.1,230,-0.0887,-0.1061,98.04,2530
2025,11,upper iowa,-19.129,231,-0.1133,-0.0818,98.04,2530
2025,11,grambling,-19.158,232,-0.1598,-0.0356,98.04,2530
2025,11,alcorn state,-19.468,233,-0.1389,-0.0597,98.04,2530
2025,11,bucknell,-19.634,234,-0.0295,-0.1707,98.04,2530
2025,11,edward waters,-19.91,235,-0.1619,-0.0412,98.04,2530
2025,11,american international,-20.069,236,-0.1438,-0.0609,98.04,2530
2025,11,kentucky christian,-20.27,237,-0.0072,-0.1995,98.04,2530
2025,11,bethune cookman,-20.324,238,-0.0299,-0.1774,98.04,2530
2025,11,charleston southern,-20.406,239,-0.1236,-0.0846,98.04,2530
2025,11,hanover,-20.687,240,-0.168,-0.0429,98.04,2530
2025,11,northern iowa,-21.01,241,-0.1375,-0.0768,98.04,2530
2025,11,bryant,-21.08,242,-0.1261,-0.0889,98.04,2530
2025,11,eastern washington,-21.192,243,-0.1517,-0.0645,98.04,2530
2025,11,william and mary,-21.228,244,-0.0451,-0.1714,98.04,2530
2025,11,holy cross,-21.476,245,-0.1777,-0.0414,98.04,2530
2025,11,marist,-21.872,246,-0.1973,-0.0257,98.04,2530
2025,11,ut martin,-21.913,247,-0.0891,-0.1344,98.04,2530
2025,11,northern illinois,-22.099,248,-0.1741,-0.0513,98.04,2530
2025,11,eastern illinois,-22.11,249,-0.1446,-0.0809,98.04,2530
2025,11,kent state,-22.268,250,-0.133,-0.0941,98.04,2530
2025,11,west liberty,-22.409,251,-0.11,-0.1186,98.04,2530
2025,11,charlotte,-22.494,252,-0.1177,-0.1117,98.04,2530
2025,11,campbell,-22.811,253,-0.1341,-0.0985,98.04,2530
2025,11,texas southern,-22.98,254,-0.1145,-0.1199,98.04,2530
2025,11,mercyhurst,-23.04,255,-0.1039,-0.1311,98.04,2530
2025,11,north alabama,-23.062,256,-0.103,-0.1322,98.04,2530
2025,11,ball state,-23.434,257,-0.1544,-0.0847,98.04,2530
2025,11,stonehill,-23.498,258,-0.1678,-0.0719,98.04,2530
2025,11,howard,-23.535,259,-0.1876,-0.0524,98.04,2530
2025,11,ualbany,-23.555,260,-0.1619,-0.0784,98.04,2530
2025,11,bentley,-23.619,261,-0.1243,-0.1166,98.04,2530
2025,11,oklahoma state,-24.027,262,-0.1509,-0.0942,98.04,2530
2025,11,western oregon,-24.24,263,-0.1408,-0.1064,98.04,2530
2025,11,thomas more,-24.36,264,-0.1924,-0.0561,98.04,2530
2025,11,lane college,-24.489,265,-0.1999,-0.0499,98.04,2530
2025,11,bluefield,-24.521,266,-0.1333,-0.1168,98.04,2530
2025,11,georgetown,-24.776,267,-0.1499,-0.1028,98.04,2530
2025,11,greensboro,-24.889,268,-0.1469,-0.1069,98.04,2530
2025,11,sam houston,-24.897,269,-0.1272,-0.1267,98.04,2530
2025,11,hampton,-25.265,270,-0.107,-0.1507,98.04,2530
2025,11,weber state,-25.374,271,-0.1536,-0.1052,98.04,2530
2025,11,robert morris,-25.511,272,-0.1501,-0.1101,98.04,2530
2025,11,houston christian,-25.572,273,-0.2309,-0.0299,98.04,2530
2025,11,indiana state,-26.418,274,-0.1433,-0.1262,98.04,2530
2025,11,fordham,-26.485,275,-0.1923,-0.0778,98.04,2530
2025,11,saint francis,-26.494,276,-0.1817,-0.0886,98.04,2530
2025,11,columbia,-26.59,277,-0.1792,-0.092,98.04,2530
2025,11,southern,-26.707,278,-0.1548,-0.1176,98.04,2530
2025,11,samford,-26.721,279,-0.1735,-0.099,98.04,2530
2025,11,savannah state,-26.932,280,-0.2085,-0.0662,98.04,2530
2025,11,valparaiso,-27.027,281,-0.1983,-0.0773,98.04,2530
2025,11,morehead state,-27.355,282,-0.1003,-0.1787,98.04,2530
2025,11,warner,-27.394,283,-0.1195,-0.1599,98.04,2530
2025,11,the citadel,-27.432,284,-0.1363,-0.1435,98.04,2530
2025,11,alabama a and m,-28.061,285,-0.1568,-0.1294,98.04,2530
2025,11,western illinois,-29.184,286,-0.1213,-0.1764,98.04,2530
2025,11,florida a and m,-29.675,287,-0.1358,-0.1669,98.04,2530
2025,11,ferrum,-29.708,288,-0.1927,-0.1103,98.04,2530
2025,11,louisiana christian,-29.747,289,-0.1431,-0.1603,98.04,2530
2025,11,wagner,-30.132,290,-0.2369,-0.0704,98.04,2530
2025,11,tennessee state,-31.894,291,-0.2604,-0.0649,98.04,2530
2025,11,davidson,-32.443,292,-0.1085,-0.2224,98.04,2530
2025,11,stetson,-32.466,293,-0.1722,-0.1589,98.04,2530
2025,11,portland state,-32.632,294,-0.1662,-0.1667,98.04,2530
2025,11,massachusetts,-33.042,295,-0.2002,-0.1368,98.04,2530
2025,11,murray state,-33.703,296,-0.1113,-0.2325,98.04,2530
2025,11,mississippi valley state,-33.796,297,-0.2046,-0.1401,98.04,2530
2025,11,north carolina a and t,-34.023,298,-0.1769,-0.1701,98.04,2530
2025,11,arkansas pine bluff,-34.284,299,-0.1775,-0.1722,98.04,2530
2025,11,cumberland tn,-34.558,300,-0.1985,-0.154,98.04,2530
2025,11,morehouse,-34.649,301,-0.1414,-0.212,98.04,2530
2025,11,vmi,-35.399,302,-0.1882,-0.1728,98.04,2530
2025,11,arkansas baptist,-36.719,303,-0.2005,-0.174,98.04,2530
2025,11,western connecticut state,-38.523,304,-0.2096,-0.1833,98.04,2530
2025,11,southern connecticut state,-39.208,305,-0.1216,-0.2783,98.04,2530
2025,11,virginia lynchburg,-40.421,306,-0.2344,-0.1779,98.04,2530
2025,11,northwestern state,-47.536,307,-0.2628,-0.222,98.04,2530
2025,11,langston,-47.87,308,-0.2622,-0.2261,98.04,2530
2025,11,sul ross state,-50.846,309,-0.2751,-0.2435,98.04,2530
2025,11,lincoln ca,-65.732,310,-0.3593,-0.3112,98.04,2530
2025,12,ohio state,31.797,1,0.1919,0.1375,96.52,2770
2025,12,oregon,30.873,2,0.1928,0.127,96.52,2770
2025,12,indiana,29.732,3,0.1814,0.1266,96.52,2770
2025,12,utah,26.783,4,0.1602,0.1173,96.52,2770
2025,12,miami,23.645,5,0.0741,0.1709,96.52,2770
2025,12,notre dame,23.459,6,0.1173,0.1257,96.52,2770
2025,12,texas tech,21.997,7,0.0763,0.1516,96.52,2770
2025,12,alabama,20.376,8,0.1165,0.0946,96.52,2770
2025,12,georgia,20.154,9,0.1224,0.0864,96.52,2770
2025,12,usc,19.392,10,0.199,0.0019,96.52,2770
2025,12,ole miss,18.876,11,0.1374,0.0582,96.52,2770
2025,12,oklahoma,18.77,12,0.009,0.1854,96.52,2770
2025,12,washington,18.738,13,0.145,0.0492,96.52,2770
2025,12,north dakota state,18.577,14,0.122,0.0705,96.52,2770
2025,12,texas a and m,17.931,15,0.1309,0.0549,96.52,2770
2025,12,tennessee,17.876,16,0.1562,0.029,96.52,2770
2025,12,byu,17.205,17,0.0748,0.1034,96.52,2770
2025,12,montana state,17.196,18,0.1421,0.036,96.52,2770
2025,12,vanderbilt,16.915,19,0.2029,-0.0277,96.52,2770
2025,12,missouri,16.714,20,0.0645,0.1087,96.52,2770
2025,12,south florida,15.96,21,0.1097,0.0556,96.52,2770
2025,12,old dominion,15.754,22,0.0696,0.0936,96.52,2770
2025,12,toledo,15.489,23,0.0304,0.1301,96.52,2770
2025,12,florida state,15.165,24,0.1368,0.0203,96.52,2770
2025,12,james madison,14.024,25,0.0193,0.126,96.52,2770
2025,12,michigan,13.732,26,0.0603,0.082,96.52,2770
2025,12,mercer,13.101,27,0.0951,0.0406,96.52,2770
2025,12,smu,11.794,28,0.0367,0.0855,96.52,2770
2025,12,north texas,11.644,29,0.1378,-0.0172,96.52,2770
2025,12,penn state,11.525,30,0.0587,0.0607,96.52,2770
2025,12,auburn,11.179,31,0.0031,0.1127,96.52,2770
2025,12,texas,10.609,32,0.0043,0.1056,96.52,2770
2025,12,harvard,10.169,33,0.0831,0.0223,96.52,2770
2025,12,arkansas,9.916,34,0.1527,-0.05,96.52,2770
2025,12,cincinnati,9.785,35,0.1358,-0.0344,96.52,2770
2025,12,louisville,9.781,36,0.0282,0.0732,96.52,2770
2025,12,iowa,9.357,37,-0.0161,0.1131,96.52,2770
2025,12,presbyterian,8.943,38,0.0289,0.0638,96.52,2770
2025,12,east carolina,8.619,39,0.0239,0.0654,96.52,2770
2025,12,lsu,8.58,40,-0.0036,0.0925,96.52,2770
2025,12,georgia tech,7.491,41,0.1221,-0.0445,96.52,2770
2025,12,pittsburgh,7.429,42,-0.0072,0.0842,96.52,2770
2025,12,memphis,7.415,43,0.0885,-0.0117,96.52,2770
2025,12,florida,7.301,44,0.0133,0.0623,96.52,2770
2025,12,san diego state,7.216,45,-0.0385,0.1133,96.52,2770
2025,12,boise state,7.137,46,0.0144,0.0595,96.52,2770
2025,12,iowa state,7.126,47,0.0228,0.0511,96.52,2770
2025,12,tarleton state,7.095,48,0.0572,0.0163,96.52,2770
2025,12,virginia,6.36,49,0.0032,0.0627,96.52,2770
2025,12,arizona,6.035,50,0.0066,0.0559,96.52,2770
2025,12,nc state,5.886,51,0.0857,-0.0247,96.52,2770
2025,12,baylor,5.816,52,0.076,-0.0157,96.52,2770
2025,12,wake forest,5.738,53,-0.0784,0.1379,96.52,2770
2025,12,tcu,5.627,54,0.0497,0.0086,96.52,2770
2025,12,kentucky,5.213,55,0.0155,0.0386,96.52,2770
2025,12,lehigh,5.105,56,0.0153,0.0376,96.52,2770
2025,12,nebraska,4.985,57,0.04,0.0117,96.52,2770
2025,12,mississippi state,4.919,58,0.0471,0.0038,96.52,2770
2025,12,illinois,4.619,59,0.0604,-0.0126,96.52,2770
2025,12,north dakota,4.016,60,-0.0323,0.0739,96.52,2770
2025,12,rhode island,3.963,61,0.0633,-0.0222,96.52,2770
2025,12,south carolina,3.843,62,-0.0409,0.0807,96.52,2770
2025,12,tennessee tech,3.744,63,0.0275,0.0112,96.52,2770
2025,12,clemson,3.716,64,0.01,0.0285,96.52,2770
2025,12,kansas,3.624,65,0.0892,-0.0517,96.52,2770
2025,12,jackson state,3.312,66,0.0304,0.004,96.52,2770
2025,12,kansas state,3.089,67,-0.0009,0.0329,96.52,2770
2025,12,monmouth,3.031,68,0.1185,-0.0871,96.52,2770
2025,12,alabama state,2.898,69,0.1339,-0.1039,96.52,2770
2025,12,navy,2.421,70,0.1082,-0.0831,96.52,2770
2025,12,duke,2.119,71,0.0742,-0.0522,96.52,2770
2025,12,uc davis,1.94,72,0.0679,-0.0477,96.52,2770
2025,12,arizona state,1.9,73,-0.0157,0.0354,96.52,2770
2025,12,utsa,1.807,74,0.0133,0.0054,96.52,2770
2025,12,tulane,1.781,75,0.0478,-0.0294,96.52,2770
2025,12,stephen f austin,1.541,76,-0.0798,0.0957,96.52,2770
2025,12,ut rio grande valley,1.437,77,0.0562,-0.0414,96.52,2770
2025,12,texas state,1.204,78,0.0954,-0.083,96.52,2770
2025,12,austin peay,1.021,79,0.0278,-0.0172,96.52,2770
2025,12,se louisiana,0.826,80,-0.0223,0.0308,96.52,2770
2025,12,dartmouth,0.539,81,0.0417,-0.0361,96.52,2770
2025,12,montana,0.114,82,0.0416,-0.0404,96.52,2770
2025,12,washington state,0.063,83,-0.0282,0.0288,96.52,2770
2025,12,state thomas mn,-0.241,84,-0.0109,0.0084,96.52,2770
2025,12,new mexico,-0.507,85,0.0051,-0.0104,96.52,2770
2025,12,houston,-1.088,86,-0.0277,0.0164,96.52,2770
2025,12,uconn,-1.219,87,0.0444,-0.057,96.52,2770
2025,12,ucf,-1.301,88,-0.0351,0.0216,96.52,2770
2025,12,prairie view a and m,-1.537,89,-0.0177,0.0018,96.52,2770
2025,12,southern utah,-1.754,90,0.0864,-0.1046,96.52,2770
2025,12,western kentucky,-2.177,91,0.005,-0.0275,96.52,2770
2025,12,louisiana tech,-2.452,92,-0.0608,0.0354,96.52,2770
2025,12,southern illinois,-2.615,93,0.0807,-0.1078,96.52,2770
2025,12,marshall,-2.717,94,-0.0255,-0.0027,96.52,2770
2025,12,west virginia,-3.101,95,-0.0568,0.0247,96.52,2770
2025,12,yale,-3.116,96,-0.067,0.0347,96.52,2770
2025,12,delaware state,-3.163,97,0.0236,-0.0564,96.52,2770
2025,12,south carolina state,-3.247,98,-0.0211,-0.0125,96.52,2770
2025,12,unlv,-3.519,99,0.069,-0.1055,96.52,2770
2025,12,drake,-3.763,100,-0.0164,-0.0226,96.52,2770
2025,12,fresno state,-4.023,101,-0.0577,0.016,96.52,2770
2025,12,utah state,-4.088,102,0.0025,-0.0449,96.52,2770
2025,12,west georgia,-4.245,103,-0.0772,0.0332,96.52,2770
2025,12,california,-4.257,104,-0.0564,0.0123,96.52,2770
2025,12,florida atlantic,-4.366,105,-0.0158,-0.0295,96.52,2770
2025,12,northwestern,-4.4,106,-0.04,-0.0056,96.52,2770
2025,12,idaho state,-4.591,107,0.0127,-0.0602,96.52,2770
2025,12,central michigan,-4.61,108,-0.0384,-0.0093,96.52,2770
2025,12,colorado,-4.66,109,-0.027,-0.0212,96.52,2770
2025,12,ohio,-4.661,110,-0.0015,-0.0468,96.52,2770
2025,12,youngstown state,-4.681,111,0.0688,-0.1173,96.52,2770
2025,12,sacramento state,-4.731,112,0.0059,-0.0549,96.52,2770
2025,12,michigan state,-4.75,113,-0.0302,-0.019,96.52,2770
2025,12,maryland,-4.765,114,-0.0956,0.0463,96.52,2770
2025,12,idaho,-4.817,115,0.0025,-0.0524,96.52,2770
2025,12,north carolina central,-4.859,116,-0.0188,-0.0316,96.52,2770
2025,12,villanova,-5.149,117,0.0063,-0.0597,96.52,2770
2025,12,virginia tech,-5.185,118,0.0195,-0.0732,96.52,2770
2025,12,wyoming,-5.206,119,-0.1192,0.0652,96.52,2770
2025,12,ucla,-5.211,120,0.0085,-0.0625,96.52,2770
2025,12,southern miss,-5.249,121,-0.0496,-0.0048,96.52,2770
2025,12,san jose state,-5.409,122,0.0359,-0.0919,96.52,2770
2025,12,south dakota state,-5.746,123,-0.0966,0.037,96.52,2770
2025,12,western michigan,-5.754,124,-0.1057,0.0461,96.52,2770
2025,12,rutgers,-5.81,125,0.0623,-0.1225,96.52,2770
2025,12,purdue,-5.901,126,-0.025,-0.0361,96.52,2770
2025,12,liberty,-6.026,127,-0.0162,-0.0462,96.52,2770
2025,12,army,-6.071,128,-0.0472,-0.0157,96.52,2770
2025,12,florida international,-6.202,129,-0.0484,-0.0158,96.52,2770
2025,12,minnesota,-6.384,130,-0.0758,0.0097,96.52,2770
2025,12,abilene christian,-6.471,131,-0.0253,-0.0418,96.52,2770
2025,12,cornell,-6.494,132,-0.0844,0.0171,96.52,2770
2025,12,kennesaw state,-6.769,133,-0.0165,-0.0536,96.52,2770
2025,12,temple,-6.877,134,0.0021,-0.0734,96.52,2770
2025,12,dayton,-7.602,135,-0.0724,-0.0063,96.52,2770
2025,12,miami oh,-7.921,136,-0.0897,0.0076,96.52,2770
2025,12,boston college,-7.974,137,-0.0012,-0.0814,96.52,2770
2025,12,jacksonville state,-8.018,138,-0.0027,-0.0804,96.52,2770
2025,12,northern arizona,-8.025,139,0.0198,-0.103,96.52,2770
2025,12,east tennessee state,-8.113,140,-0.0375,-0.0466,96.52,2770
2025,12,pennsylvania,-8.141,141,0.0513,-0.1356,96.52,2770
2025,12,wisconsin,-8.204,142,-0.0831,-0.0019,96.52,2770
2025,12,adrian,-8.499,143,-0.0804,-0.0076,96.52,2770
2025,12,delaware,-8.525,144,-0.0072,-0.0811,96.52,2770
2025,12,hawaii,-8.704,145,-0.0615,-0.0287,96.52,2770
2025,12,western carolina,-8.708,146,0.0371,-0.1274,96.52,2770
2025,12,oregon state,-8.843,147,-0.0568,-0.0348,96.52,2770
2025,12,stanford,-8.851,148,-0.0751,-0.0166,96.52,2770
2025,12,tulsa,-9.072,149,-0.0742,-0.0198,96.52,2770
2025,12,new hampshire,-9.11,150,-0.0466,-0.0478,96.52,2770
2025,12,bowie state,-9.161,151,-0.0618,-0.0331,96.52,2770
2025,12,elon,-9.187,152,-0.0794,-0.0157,96.52,2770
2025,12,syracuse,-9.368,153,-0.0534,-0.0437,96.52,2770
2025,12,north carolina,-9.4,154,-0.0959,-0.0015,96.52,2770
2025,12,south dakota,-9.422,155,0.0067,-0.1043,96.52,2770
2025,12,saginaw valley state,-9.451,156,-0.0407,-0.0573,96.52,2770
2025,12,new haven,-10.248,157,-0.0775,-0.0287,96.52,2770
2025,12,south alabama,-10.261,158,-0.0369,-0.0695,96.52,2770
2025,12,illinois state,-10.274,159,-0.0282,-0.0782,96.52,2770
2025,12,chadron state,-10.341,160,-0.0709,-0.0362,96.52,2770
2025,12,duquesne,-10.411,161,-0.0001,-0.1077,96.52,2770
2025,12,sacred heart,-10.458,162,0.0264,-0.1348,96.52,2770
2025,12,lamar,-10.7,163,-0.1401,0.0292,96.52,2770
2025,12,coastal carolina,-10.72,164,-0.0771,-0.034,96.52,2770
2025,12,incarnate word,-11.009,165,-0.0838,-0.0302,96.52,2770
2025,12,colorado state,-11.199,166,-0.0448,-0.0712,96.52,2770
2025,12,uab,-11.297,167,0.0024,-0.1195,96.52,2770
2025,12,stony brook,-11.513,168,-0.102,-0.0173,96.52,2770
2025,12,webber international,-11.832,169,-0.1129,-0.0097,96.52,2770
2025,12,maine,-11.87,170,-0.0943,-0.0287,96.52,2770
2025,12,troy,-11.913,171,-0.1042,-0.0192,96.52,2770
2025,12,eastern michigan,-12.006,172,-0.0004,-0.124,96.52,2770
2025,12,cal poly,-12.434,173,-0.0682,-0.0607,96.52,2770
2025,12,missouri state,-12.521,174,-0.0438,-0.0859,96.52,2770
2025,12,long island university,-12.644,175,-0.1748,0.0438,96.52,2770
2025,12,texas wesleyan,-12.696,176,-0.1069,-0.0246,96.52,2770
2025,12,pace,-12.711,177,-0.074,-0.0577,96.52,2770
2025,12,towson,-12.732,178,-0.0611,-0.0708,96.52,2770
2025,12,air force,-12.761,179,0.0787,-0.2109,96.52,2770
2025,12,princeton,-12.81,180,-0.0629,-0.0698,96.52,2770
2025,12,san diego,-12.826,181,-0.0825,-0.0504,96.52,2770
2025,12,elizabeth city state,-13.162,182,-0.0554,-0.0809,96.52,2770
2025,12,lafayette,-13.584,183,-0.0397,-0.101,96.52,2770
2025,12,georgia southern,-14.0,184,0.0103,-0.1553,96.52,2770
2025,12,nevada,-14.048,185,-0.1279,-0.0176,96.52,2770
2025,12,app state,-14.157,186,-0.0877,-0.059,96.52,2770
2025,12,central arkansas,-14.335,187,-0.0466,-0.1019,96.52,2770
2025,12,wofford,-14.557,188,-0.1946,0.0438,96.52,2770
2025,12,central connecticut,-14.74,189,-0.0813,-0.0714,96.52,2770
2025,12,brown,-14.808,190,-0.0656,-0.0878,96.52,2770
2025,12,new mexico state,-14.871,191,-0.1633,0.0092,96.52,2770
2025,12,allen,-15.136,192,-0.0293,-0.1275,96.52,2770
2025,12,rice,-15.148,193,-0.1446,-0.0124,96.52,2770
2025,12,northern michigan,-15.181,194,-0.0911,-0.0661,96.52,2770
2025,12,louisiana,-15.237,195,-0.0713,-0.0866,96.52,2770
2025,12,gardner webb,-15.393,196,-0.0669,-0.0926,96.52,2770
2025,12,erskine,-15.433,197,-0.0764,-0.0835,96.52,2770
2025,12,chattanooga,-15.509,198,-0.0656,-0.0951,96.52,2770
2025,12,richmond,-15.628,199,-0.1254,-0.0365,96.52,2770
2025,12,kentucky state,-15.782,200,-0.0262,-0.1373,96.52,2770
2025,12,virginia state,-15.994,201,-0.1083,-0.0574,96.52,2770
2025,12,utep,-16.033,202,-0.1951,0.029,96.52,2770
2025,12,buffalo,-16.203,203,-0.1394,-0.0284,96.52,2770
2025,12,arkansas state,-16.25,204,-0.0945,-0.0739,96.52,2770
2025,12,northern colorado,-16.283,205,-0.1066,-0.0621,96.52,2770
2025,12,east texas a and m,-16.578,206,-0.0562,-0.1156,96.52,2770
2025,12,merrimack,-16.736,207,-0.0962,-0.0772,96.52,2770
2025,12,ul monroe,-16.748,208,-0.1018,-0.0717,96.52,2770
2025,12,norfolk state,-16.75,209,-0.0773,-0.0963,96.52,2770
2025,12,colgate,-16.773,210,-0.0253,-0.1485,96.52,2770
2025,12,middle tennessee,-16.839,211,-0.0633,-0.1112,96.52,2770
2025,12,bowling green,-16.901,212,-0.1469,-0.0282,96.52,2770
2025,12,georgia state,-17.021,213,-0.0553,-0.1211,96.52,2770
2025,12,northeastern state,-17.065,214,-0.0886,-0.0882,96.52,2770
2025,12,eastern kentucky,-17.171,215,-0.1572,-0.0207,96.52,2770
2025,12,utah tech,-17.297,216,-0.1395,-0.0397,96.52,2770
2025,12,miles,-17.316,217,-0.1402,-0.0392,96.52,2770
2025,12,morgan state,-17.387,218,-0.1026,-0.0775,96.52,2770
2025,12,butler,-17.435,219,-0.0634,-0.1172,96.52,2770
2025,12,lindenwood,-17.538,220,-0.0593,-0.1224,96.52,2770
2025,12,alcorn state,-17.802,221,-0.1418,-0.0427,96.52,2770
2025,12,central state,-17.805,222,-0.189,0.0045,96.52,2770
2025,12,nicholls,-18.21,223,-0.1337,-0.055,96.52,2770
2025,12,holy cross,-18.314,224,-0.1567,-0.033,96.52,2770
2025,12,lincoln pa,-18.344,225,-0.1203,-0.0697,96.52,2770
2025,12,furman,-18.442,226,-0.0886,-0.1025,96.52,2770
2025,12,mckendree,-18.453,227,-0.1054,-0.0858,96.52,2770
2025,12,southeast missouri state,-18.623,228,-0.1224,-0.0705,96.52,2770
2025,12,akron,-18.711,229,-0.1073,-0.0866,96.52,2770
2025,12,fayetteville state,-18.717,230,-0.0978,-0.0962,96.52,2770
2025,12,tuskegee,-18.84,231,-0.1118,-0.0834,96.52,2770
2025,12,upper iowa,-19.015,232,-0.1102,-0.0868,96.52,2770
2025,12,northern illinois,-19.092,233,-0.1447,-0.0531,96.52,2770
2025,12,eastern washington,-19.327,234,-0.1476,-0.0526,96.52,2770
2025,12,marist,-19.332,235,-0.1801,-0.0202,96.52,2770
2025,12,mcneese,-19.786,236,-0.0971,-0.1079,96.52,2770
2025,12,william and mary,-19.943,237,-0.0404,-0.1662,96.52,2770
2025,12,edward waters,-19.945,238,-0.1585,-0.0481,96.52,2770
2025,12,northern iowa,-20.121,239,-0.1286,-0.0799,96.52,2770
2025,12,grambling,-20.192,240,-0.1727,-0.0365,96.52,2770
2025,12,kent state,-20.218,241,-0.1148,-0.0947,96.52,2770
2025,12,kentucky christian,-20.284,242,-0.0095,-0.2007,96.52,2770
2025,12,american international,-20.382,243,-0.1544,-0.0568,96.52,2770
2025,12,bethune cookman,-20.558,244,-0.0468,-0.1662,96.52,2770
2025,12,charleston southern,-20.595,245,-0.1263,-0.0871,96.52,2770
2025,12,bucknell,-21.173,246,-0.0291,-0.1903,96.52,2770
2025,12,hanover,-21.21,247,-0.1692,-0.0505,96.52,2770
2025,12,stonehill,-22.219,248,-0.1733,-0.0569,96.52,2770
2025,12,oklahoma state,-22.236,249,-0.1557,-0.0747,96.52,2770
2025,12,texas southern,-22.256,250,-0.0984,-0.1322,96.52,2770
2025,12,mercyhurst,-22.283,251,-0.107,-0.1238,96.52,2770
2025,12,campbell,-22.377,252,-0.1361,-0.0957,96.52,2770
2025,12,ualbany,-22.443,253,-0.1558,-0.0767,96.52,2770
2025,12,ut martin,-22.595,254,-0.0915,-0.1426,96.52,2770
2025,12,west liberty,-22.611,255,-0.1106,-0.1237,96.52,2770
2025,12,bryant,-22.833,256,-0.138,-0.0986,96.52,2770
2025,12,howard,-22.984,257,-0.213,-0.0251,96.52,2770
2025,12,bluefield,-23.928,258,-0.1259,-0.122,96.52,2770
2025,12,bentley,-24.106,259,-0.1279,-0.1218,96.52,2770
2025,12,western oregon,-24.322,260,-0.1423,-0.1096,96.52,2770
2025,12,fordham,-24.448,261,-0.1985,-0.0548,96.52,2770
2025,12,charlotte,-24.492,262,-0.1387,-0.1151,96.52,2770
2025,12,indiana state,-24.609,263,-0.1295,-0.1255,96.52,2770
2025,12,samford,-24.616,264,-0.1772,-0.0779,96.52,2770
2025,12,eastern illinois,-24.681,265,-0.1563,-0.0994,96.52,2770
2025,12,thomas more,-24.867,266,-0.194,-0.0636,96.52,2770
2025,12,lane college,-24.898,267,-0.2094,-0.0486,96.52,2770
2025,12,houston christian,-24.933,268,-0.2209,-0.0374,96.52,2770
2025,12,north alabama,-25.179,269,-0.1272,-0.1337,96.52,2770
2025,12,sam houston,-25.287,270,-0.1434,-0.1186,96.52,2770
2025,12,ball state,-25.38,271,-0.1824,-0.0806,96.52,2770
2025,12,columbia,-25.653,272,-0.167,-0.0988,96.52,2770
2025,12,greensboro,-25.7,273,-0.1553,-0.1109,96.52,2770
2025,12,georgetown,-25.969,274,-0.1722,-0.0969,96.52,2770
2025,12,southern,-26.178,275,-0.1403,-0.1309,96.52,2770
2025,12,robert morris,-26.283,276,-0.1616,-0.1107,96.52,2770
2025,12,savannah state,-26.432,277,-0.2067,-0.0672,96.52,2770
2025,12,valparaiso,-26.712,278,-0.1874,-0.0894,96.52,2770
2025,12,hampton,-26.754,279,-0.1159,-0.1613,96.52,2770
2025,12,the citadel,-26.841,280,-0.1352,-0.1429,96.52,2770
2025,12,weber state,-26.974,281,-0.1653,-0.1142,96.52,2770
2025,12,warner,-27.406,282,-0.1231,-0.1608,96.52,2770
2025,12,morehead state,-27.435,283,-0.0999,-0.1844,96.52,2770
2025,12,florida a and m,-27.442,284,-0.1089,-0.1754,96.52,2770
2025,12,saint francis,-27.569,285,-0.206,-0.0796,96.52,2770
2025,12,ferrum,-29.165,286,-0.1896,-0.1125,96.52,2770
2025,12,alabama a and m,-29.512,287,-0.1488,-0.157,96.52,2770
2025,12,louisiana christian,-29.773,288,-0.1441,-0.1644,96.52,2770
2025,12,western illinois,-30.192,289,-0.1381,-0.1747,96.52,2770
2025,12,wagner,-30.462,290,-0.2487,-0.0669,96.52,2770
2025,12,portland state,-32.075,291,-0.1643,-0.1681,96.52,2770
2025,12,tennessee state,-32.371,292,-0.27,-0.0654,96.52,2770
2025,12,stetson,-32.792,293,-0.171,-0.1688,96.52,2770
2025,12,mississippi valley state,-33.433,294,-0.2027,-0.1437,96.52,2770
2025,12,murray state,-33.935,295,-0.1227,-0.2288,96.52,2770
2025,12,vmi,-34.124,296,-0.1911,-0.1625,96.52,2770
2025,12,morehouse,-34.128,297,-0.1322,-0.2214,96.52,2770
2025,12,massachusetts,-34.876,298,-0.2014,-0.1599,96.52,2770
2025,12,davidson,-35.049,299,-0.1165,-0.2466,96.52,2770
2025,12,cumberland tn,-35.481,300,-0.211,-0.1566,96.52,2770
2025,12,arkansas baptist,-36.229,301,-0.2033,-0.172,96.52,2770
2025,12,arkansas pine bluff,-36.574,302,-0.1834,-0.1955,96.52,2770
2025,12,north carolina a and t,-37.373,303,-0.1906,-0.1966,96.52,2770
2025,12,western connecticut state,-37.994,304,-0.2082,-0.1855,96.52,2770
2025,12,southern connecticut state,-38.922,305,-0.1148,-0.2885,96.52,2770
2025,12,virginia lynchburg,-39.823,306,-0.2435,-0.1691,96.52,2770
2025,12,northwestern state,-45.11,307,-0.2472,-0.2202,96.52,2770
2025,12,langston,-47.507,308,-0.2615,-0.2307,96.52,2770
2025,12,sul ross state,-50.723,309,-0.279,-0.2465,96.52,2770
2025,12,lincoln ca,-64.282,310,-0.357,-0.309,96.52,2770
2025,13,oregon,31.818,1,0.1882,0.1456,95.31,3014
2025,13,ohio state,31.36,2,0.1784,0.1506,95.31,3014
2025,13,indiana,29.46,3,0.184,0.1251,95.31,3014
2025,13,notre dame,26.767,4,0.1358,0.1451,95.31,3014
2025,13,alabama,23.806,5,0.1321,0.1177,95.31,3014
2025,13,utah,22.514,6,0.1633,0.0729,95.31,3014
2025,13,miami,22.037,7,0.0824,0.1488,95.31,3014
2025,13,texas tech,21.947,8,0.0751,0.1552,95.31,3014
2025,13,georgia,20.811,9,0.1163,0.102,95.31,3014
2025,13,north dakota state,20.604,10,0.1368,0.0794,95.31,3014
2025,13,washington,20.451,11,0.1406,0.0739,95.31,3014
2025,13,texas a and m,19.841,12,0.1244,0.0837,95.31,3014
2025,13,vanderbilt,19.529,13,0.2163,-0.0114,95.31,3014
2025,13,ole miss,19.192,14,0.1436,0.0577,95.31,3014
2025,13,oklahoma,18.728,15,-0.0016,0.1981,95.31,3014
2025,13,tennessee,18.707,16,0.1643,0.0319,95.31,3014
2025,13,missouri,18.452,17,0.0662,0.1274,95.31,3014
2025,13,usc,18.284,18,0.1837,0.0082,95.31,3014
2025,13,south florida,17.33,19,0.1177,0.0641,95.31,3014
2025,13,byu,16.65,20,0.0693,0.1054,95.31,3014
2025,13,old dominion,16.557,21,0.0693,0.1044,95.31,3014
2025,13,montana state,16.191,22,0.1412,0.0287,95.31,3014
2025,13,florida state,16.131,23,0.1317,0.0376,95.31,3014
2025,13,auburn,14.8,24,0.0382,0.1171,95.31,3014
2025,13,penn state,14.744,25,0.0867,0.068,95.31,3014
2025,13,michigan,14.531,26,0.0813,0.0712,95.31,3014
2025,13,smu,13.954,27,0.0515,0.0949,95.31,3014
2025,13,north texas,13.822,28,0.1716,-0.0266,95.31,3014
2025,13,toledo,13.703,29,0.023,0.1207,95.31,3014
2025,13,james madison,13.285,30,0.0155,0.1239,95.31,3014
2025,13,texas,10.63,31,0.0181,0.0934,95.31,3014
2025,13,arkansas,10.382,32,0.1701,-0.0612,95.31,3014
2025,13,pittsburgh,8.761,33,0.0006,0.0913,95.31,3014
2025,13,cincinnati,8.65,34,0.124,-0.0333,95.31,3014
2025,13,lsu,8.583,35,-0.03,0.1201,95.31,3014
2025,13,mercer,8.378,36,0.0839,0.004,95.31,3014
2025,13,wake forest,7.934,37,-0.0532,0.1365,95.31,3014
2025,13,iowa,7.711,38,-0.0292,0.1101,95.31,3014
2025,13,boise state,7.698,39,0.0189,0.0618,95.31,3014
2025,13,louisville,7.469,40,0.0195,0.0588,95.31,3014
2025,13,iowa state,7.396,41,0.0332,0.0444,95.31,3014
2025,13,arizona,7.248,42,0.0093,0.0667,95.31,3014
2025,13,harvard,7.125,43,0.087,-0.0122,95.31,3014
2025,13,east carolina,6.901,44,0.0214,0.051,95.31,3014
2025,13,memphis,6.812,45,0.0823,-0.0108,95.31,3014
2025,13,lehigh,6.67,46,0.0473,0.0226,95.31,3014
2025,13,south carolina,6.669,47,-0.0104,0.0804,95.31,3014
2025,13,tcu,6.297,48,0.0448,0.0213,95.31,3014
2025,13,florida,6.177,49,0.0121,0.0527,95.31,3014
2025,13,virginia,5.991,50,0.0032,0.0597,95.31,3014
2025,13,kansas state,5.951,51,0.0337,0.0288,95.31,3014
2025,13,nc state,5.755,52,0.0703,-0.0099,95.31,3014
2025,13,tarleton state,5.468,53,0.057,0.0003,95.31,3014
2025,13,mississippi state,5.24,54,0.048,0.0069,95.31,3014
2025,13,georgia tech,5.231,55,0.1061,-0.0513,95.31,3014
2025,13,presbyterian,5.211,56,0.013,0.0417,95.31,3014
2025,13,san diego state,5.049,57,-0.058,0.1109,95.31,3014
2025,13,baylor,4.851,58,0.0664,-0.0155,95.31,3014
2025,13,arizona state,4.437,59,-0.0093,0.0559,95.31,3014
2025,13,kentucky,4.031,60,0.0057,0.0366,95.31,3014
2025,13,stephen f austin,3.713,61,-0.0473,0.0862,95.31,3014
2025,13,clemson,3.654,62,0.008,0.0303,95.31,3014
2025,13,illinois,3.498,63,0.0512,-0.0145,95.31,3014
2025,13,kansas,3.313,64,0.0935,-0.0587,95.31,3014
2025,13,rhode island,3.029,65,0.0527,-0.0209,95.31,3014
2025,13,utsa,3.027,66,0.0245,0.0073,95.31,3014
2025,13,north dakota,2.979,67,-0.039,0.0702,95.31,3014
2025,13,jackson state,2.776,68,0.0388,-0.0097,95.31,3014
2025,13,tulane,2.664,69,0.0367,-0.0087,95.31,3014
2025,13,navy,2.128,70,0.1045,-0.0822,95.31,3014
2025,13,nebraska,1.713,71,0.0285,-0.0105,95.31,3014
2025,13,new mexico,1.529,72,-0.004,0.02,95.31,3014
2025,13,uc davis,1.376,73,0.0696,-0.0551,95.31,3014
2025,13,austin peay,1.307,74,0.0401,-0.0264,95.31,3014
2025,13,tennessee tech,0.984,75,0.0091,0.0012,95.31,3014
2025,13,ut rio grande valley,0.823,76,0.0431,-0.0344,95.31,3014
2025,13,texas state,0.723,77,0.0931,-0.0855,95.31,3014
2025,13,monmouth,0.703,78,0.0954,-0.088,95.31,3014
2025,13,montana,0.406,79,0.0463,-0.042,95.31,3014
2025,13,washington state,0.262,80,-0.0289,0.0316,95.31,3014
2025,13,alabama state,-0.031,81,0.124,-0.1243,95.31,3014
2025,13,duke,-0.057,82,0.072,-0.0726,95.31,3014
2025,13,southern illinois,-0.317,83,0.0809,-0.0842,95.31,3014
2025,13,prairie view a and m,-0.515,84,-0.0232,0.0178,95.31,3014
2025,13,se louisiana,-0.872,85,-0.02,0.0109,95.31,3014
2025,13,yale,-0.993,86,-0.04,0.0296,95.31,3014
2025,13,dartmouth,-1.289,87,0.0311,-0.0447,95.31,3014
2025,13,western kentucky,-1.585,88,-0.0198,0.0032,95.31,3014
2025,13,houston,-1.641,89,-0.0398,0.0226,95.31,3014
2025,13,ucf,-1.671,90,-0.0373,0.0197,95.31,3014
2025,13,marshall,-1.935,91,-0.018,-0.0023,95.31,3014
2025,13,uconn,-2.004,92,0.0552,-0.0762,95.31,3014
2025,13,utah state,-2.026,93,0.0109,-0.0322,95.31,3014
2025,13,unlv,-2.262,94,0.0828,-0.1066,95.31,3014
2025,13,south carolina state,-2.425,95,-0.0273,0.0018,95.31,3014
2025,13,michigan state,-2.85,96,-0.0311,0.0012,95.31,3014
2025,13,southern utah,-2.868,97,0.0741,-0.1042,95.31,3014
2025,13,virginia tech,-3.007,98,0.0437,-0.0752,95.31,3014
2025,13,northwestern,-3.359,99,-0.0121,-0.0231,95.31,3014
2025,13,louisiana tech,-3.385,100,-0.0597,0.0242,95.31,3014
2025,13,west virginia,-3.583,101,-0.0569,0.0193,95.31,3014
2025,13,state thomas mn,-3.988,102,-0.0268,-0.0151,95.31,3014
2025,13,idaho state,-3.996,103,0.0099,-0.0518,95.31,3014
2025,13,western michigan,-4.037,104,-0.0828,0.0405,95.31,3014
2025,13,north carolina central,-4.082,105,-0.0212,-0.0217,95.31,3014
2025,13,south dakota state,-4.21,106,-0.0883,0.0441,95.31,3014
2025,13,san jose state,-4.323,107,0.0375,-0.0829,95.31,3014
2025,13,villanova,-4.677,108,0.0061,-0.0552,95.31,3014
2025,13,sacramento state,-4.882,109,0.0061,-0.0573,95.31,3014
2025,13,west georgia,-4.938,110,-0.081,0.0292,95.31,3014
2025,13,ohio,-4.977,111,-0.0071,-0.0451,95.31,3014
2025,13,central michigan,-4.983,112,-0.0456,-0.0066,95.31,3014
2025,13,delaware state,-5.15,113,0.0054,-0.0594,95.31,3014
2025,13,florida atlantic,-5.256,114,-0.0037,-0.0514,95.31,3014
2025,13,purdue,-5.278,115,-0.0211,-0.0343,95.31,3014
2025,13,drake,-5.486,116,-0.0285,-0.0291,95.31,3014
2025,13,southern miss,-5.578,117,-0.0494,-0.0091,95.31,3014
2025,13,abilene christian,-5.614,118,-0.019,-0.0399,95.31,3014
2025,13,youngstown state,-5.796,119,0.0729,-0.1337,95.31,3014
2025,13,liberty,-5.803,120,-0.0103,-0.0505,95.31,3014
2025,13,rutgers,-5.818,121,0.0492,-0.1102,95.31,3014
2025,13,maryland,-5.951,122,-0.09,0.0275,95.31,3014
2025,13,fresno state,-5.973,123,-0.0736,0.0109,95.31,3014
2025,13,california,-6.303,124,-0.08,0.0139,95.31,3014
2025,13,wisconsin,-6.418,125,-0.0775,0.0102,95.31,3014
2025,13,idaho,-6.505,126,-0.0136,-0.0547,95.31,3014
2025,13,florida international,-6.598,127,-0.061,-0.0083,95.31,3014
2025,13,stanford,-7.033,128,-0.0765,0.0027,95.31,3014
2025,13,ucla,-7.057,129,-0.0195,-0.0546,95.31,3014
2025,13,boston college,-7.375,130,0.0034,-0.0807,95.31,3014
2025,13,tulsa,-7.416,131,-0.0632,-0.0146,95.31,3014
2025,13,western carolina,-7.446,132,0.0395,-0.1176,95.31,3014
2025,13,dayton,-7.594,133,-0.0755,-0.0042,95.31,3014
2025,13,minnesota,-7.668,134,-0.0589,-0.0215,95.31,3014
2025,13,kennesaw state,-7.722,135,-0.0144,-0.0666,95.31,3014
2025,13,pennsylvania,-7.731,136,0.0324,-0.1135,95.31,3014
2025,13,miami oh,-7.852,137,-0.0911,0.0087,95.31,3014
2025,13,jacksonville state,-8.04,138,-0.0126,-0.0718,95.31,3014
2025,13,wyoming,-8.23,139,-0.1359,0.0496,95.31,3014
2025,13,temple,-8.233,140,-0.0147,-0.0716,95.31,3014
2025,13,army,-8.272,141,-0.0543,-0.0325,95.31,3014
2025,13,north carolina,-8.279,142,-0.0818,-0.0051,95.31,3014
2025,13,adrian,-8.551,143,-0.0836,-0.0061,95.31,3014
2025,13,colorado,-8.647,144,-0.0565,-0.0343,95.31,3014
2025,13,oregon state,-8.914,145,-0.0572,-0.0363,95.31,3014
2025,13,south dakota,-9.393,146,0.0065,-0.105,95.31,3014
2025,13,south alabama,-9.908,147,-0.034,-0.0699,95.31,3014
2025,13,cornell,-9.917,148,-0.0946,-0.0095,95.31,3014
2025,13,saginaw valley state,-10.053,149,-0.0454,-0.06,95.31,3014
2025,13,bowie state,-10.17,150,-0.0651,-0.0416,95.31,3014
2025,13,maine,-10.175,151,-0.0832,-0.0235,95.31,3014
2025,13,hawaii,-10.329,152,-0.064,-0.0444,95.31,3014
2025,13,northern arizona,-10.884,153,0.0026,-0.1168,95.31,3014
2025,13,east tennessee state,-10.902,154,-0.0489,-0.0655,95.31,3014
2025,13,new haven,-10.937,155,-0.0787,-0.036,95.31,3014
2025,13,elon,-10.992,156,-0.0955,-0.0198,95.31,3014
2025,13,delaware,-11.026,157,-0.0042,-0.1114,95.31,3014
2025,13,duquesne,-11.11,158,-0.025,-0.0915,95.31,3014
2025,13,incarnate word,-11.145,159,-0.0876,-0.0293,95.31,3014
2025,13,missouri state,-11.213,160,-0.0275,-0.0901,95.31,3014
2025,13,chadron state,-11.272,161,-0.076,-0.0422,95.31,3014
2025,13,nevada,-11.295,162,-0.1115,-0.007,95.31,3014
2025,13,new hampshire,-11.526,163,-0.0542,-0.0667,95.31,3014
2025,13,colorado state,-11.703,164,-0.0478,-0.075,95.31,3014
2025,13,lamar,-11.754,165,-0.1516,0.0283,95.31,3014
2025,13,san diego,-12.046,166,-0.0836,-0.0428,95.31,3014
2025,13,long island university,-12.078,167,-0.1642,0.0375,95.31,3014
2025,13,troy,-12.241,168,-0.1082,-0.0202,95.31,3014
2025,13,eastern michigan,-12.356,169,-0.0012,-0.1284,95.31,3014
2025,13,sacred heart,-12.586,170,0.0112,-0.1433,95.31,3014
2025,13,illinois state,-12.647,171,-0.0522,-0.0805,95.31,3014
2025,13,syracuse,-12.685,172,-0.0759,-0.0572,95.31,3014
2025,13,coastal carolina,-12.71,173,-0.0787,-0.0546,95.31,3014
2025,13,webber international,-13.146,174,-0.1174,-0.0205,95.31,3014
2025,13,texas wesleyan,-13.184,175,-0.1069,-0.0314,95.31,3014
2025,13,elizabeth city state,-13.239,176,-0.0552,-0.0838,95.31,3014
2025,13,pace,-13.272,177,-0.0787,-0.0605,95.31,3014
2025,13,uab,-13.365,178,-0.0125,-0.1277,95.31,3014
2025,13,cal poly,-13.493,179,-0.0804,-0.0611,95.31,3014
2025,13,brown,-13.769,180,-0.0597,-0.0847,95.31,3014
2025,13,new mexico state,-13.862,181,-0.14,-0.0054,95.31,3014
2025,13,princeton,-13.942,182,-0.0907,-0.0556,95.31,3014
2025,13,stony brook,-13.978,183,-0.1061,-0.0406,95.31,3014
2025,13,louisiana,-14.451,184,-0.0751,-0.0765,95.31,3014
2025,13,air force,-14.489,185,0.0492,-0.2012,95.31,3014
2025,13,richmond,-14.701,186,-0.1322,-0.022,95.31,3014
2025,13,wofford,-14.708,187,-0.1845,0.0301,95.31,3014
2025,13,lafayette,-14.816,188,-0.0243,-0.1311,95.31,3014
2025,13,app state,-14.835,189,-0.0878,-0.0678,95.31,3014
2025,13,eastern kentucky,-15.003,190,-0.1497,-0.0077,95.31,3014
2025,13,middle tennessee,-15.182,191,-0.0556,-0.1037,95.31,3014
2025,13,towson,-15.244,192,-0.0648,-0.0951,95.31,3014
2025,13,central arkansas,-15.389,193,-0.0492,-0.1123,95.31,3014
2025,13,georgia southern,-15.422,194,0.0001,-0.1619,95.31,3014
2025,13,allen,-15.435,195,-0.0312,-0.1308,95.31,3014
2025,13,east texas a and m,-15.902,196,-0.0626,-0.1043,95.31,3014
2025,13,ul monroe,-15.974,197,-0.1019,-0.0657,95.31,3014
2025,13,kentucky state,-16.061,198,-0.0294,-0.1391,95.31,3014
2025,13,central connecticut,-16.093,199,-0.0841,-0.0847,95.31,3014
2025,13,utep,-16.284,200,-0.1811,0.0102,95.31,3014
2025,13,northern michigan,-16.317,201,-0.0993,-0.0718,95.31,3014
2025,13,georgia state,-16.336,202,-0.0575,-0.1139,95.31,3014
2025,13,holy cross,-16.486,203,-0.1676,-0.0054,95.31,3014
2025,13,buffalo,-16.616,204,-0.1445,-0.0298,95.31,3014
2025,13,gardner webb,-16.876,205,-0.0742,-0.1028,95.31,3014
2025,13,erskine,-16.895,206,-0.0861,-0.0912,95.31,3014
2025,13,arkansas state,-17.112,207,-0.1072,-0.0724,95.31,3014
2025,13,nicholls,-17.244,208,-0.1229,-0.058,95.31,3014
2025,13,northeastern state,-17.292,209,-0.09,-0.0915,95.31,3014
2025,13,virginia state,-17.316,210,-0.1171,-0.0646,95.31,3014
2025,13,colgate,-17.359,211,-0.0396,-0.1425,95.31,3014
2025,13,rice,-17.597,212,-0.1358,-0.0488,95.31,3014
2025,13,lindenwood,-17.634,213,-0.0718,-0.1132,95.31,3014
2025,13,chattanooga,-17.801,214,-0.0665,-0.1203,95.31,3014
2025,13,northern colorado,-17.919,215,-0.1175,-0.0705,95.31,3014
2025,13,akron,-18.104,216,-0.1143,-0.0757,95.31,3014
2025,13,alcorn state,-18.321,217,-0.1355,-0.0567,95.31,3014
2025,13,marist,-18.49,218,-0.1712,-0.0228,95.31,3014
2025,13,mcneese,-18.572,219,-0.0947,-0.1002,95.31,3014
2025,13,eastern washington,-18.619,220,-0.1478,-0.0476,95.31,3014
2025,13,fayetteville state,-18.692,221,-0.0968,-0.0993,95.31,3014
2025,13,miles,-18.788,222,-0.1484,-0.0487,95.31,3014
2025,13,bowling green,-18.832,223,-0.1723,-0.0253,95.31,3014
2025,13,lincoln pa,-18.839,224,-0.1172,-0.0804,95.31,3014
2025,13,central state,-18.87,225,-0.1932,-0.0047,95.31,3014
2025,13,tuskegee,-19.217,226,-0.1187,-0.0829,95.31,3014
2025,13,northern iowa,-19.256,227,-0.1153,-0.0867,95.31,3014
2025,13,mckendree,-19.345,228,-0.1123,-0.0907,95.31,3014
2025,13,southeast missouri state,-19.636,229,-0.1371,-0.0689,95.31,3014
2025,13,morgan state,-19.689,230,-0.1233,-0.0833,95.31,3014
2025,13,norfolk state,-19.764,231,-0.0918,-0.1156,95.31,3014
2025,13,upper iowa,-19.815,232,-0.1147,-0.0932,95.31,3014
2025,13,furman,-19.957,233,-0.1032,-0.1062,95.31,3014
2025,13,grambling,-20.025,234,-0.1711,-0.039,95.31,3014
2025,13,butler,-20.032,235,-0.0731,-0.1371,95.31,3014
2025,13,utah tech,-20.146,236,-0.158,-0.0533,95.31,3014
2025,13,kent state,-20.311,237,-0.1154,-0.0977,95.31,3014
2025,13,edward waters,-20.396,238,-0.1624,-0.0516,95.31,3014
2025,13,kentucky christian,-20.518,239,-0.0113,-0.204,95.31,3014
2025,13,merrimack,-20.594,240,-0.1226,-0.0935,95.31,3014
2025,13,howard,-20.635,241,-0.1968,-0.0197,95.31,3014
2025,13,northern illinois,-20.829,242,-0.1399,-0.0786,95.31,3014
2025,13,bryant,-20.864,243,-0.1247,-0.0942,95.31,3014
2025,13,oklahoma state,-20.906,244,-0.149,-0.0703,95.31,3014
2025,13,william and mary,-20.94,245,-0.0556,-0.1642,95.31,3014
2025,13,bethune cookman,-21.058,246,-0.0502,-0.1708,95.31,3014
2025,13,american international,-21.087,247,-0.1611,-0.0601,95.31,3014
2025,13,ut martin,-21.122,248,-0.0907,-0.1309,95.31,3014
2025,13,campbell,-21.161,249,-0.1182,-0.1038,95.31,3014
2025,13,ualbany,-21.503,250,-0.1657,-0.0599,95.31,3014
2025,13,bucknell,-21.593,251,-0.0424,-0.1842,95.31,3014
2025,13,hanover,-21.959,252,-0.1762,-0.0542,95.31,3014
2025,13,mercyhurst,-22.009,253,-0.1024,-0.1285,95.31,3014
2025,13,fordham,-22.145,254,-0.1899,-0.0424,95.31,3014
2025,13,charleston southern,-22.21,255,-0.1348,-0.0983,95.31,3014
2025,13,stonehill,-22.645,256,-0.1807,-0.0569,95.31,3014
2025,13,columbia,-22.743,257,-0.151,-0.0876,95.31,3014
2025,13,west liberty,-22.857,258,-0.1065,-0.1333,95.31,3014
2025,13,texas southern,-23.1,259,-0.1121,-0.1303,95.31,3014
2025,13,bentley,-23.692,260,-0.1288,-0.1198,95.31,3014
2025,13,ball state,-24.063,261,-0.1838,-0.0687,95.31,3014
2025,13,thomas more,-24.487,262,-0.19,-0.0669,95.31,3014
2025,13,weber state,-24.608,263,-0.1581,-0.1001,95.31,3014
2025,13,charlotte,-24.654,264,-0.1527,-0.1059,95.31,3014
2025,13,north alabama,-24.844,265,-0.1297,-0.1309,95.31,3014
2025,13,western oregon,-24.871,266,-0.1448,-0.1161,95.31,3014
2025,13,houston christian,-25.062,267,-0.2258,-0.0371,95.31,3014
2025,13,lane college,-25.138,268,-0.2091,-0.0547,95.31,3014
2025,13,bluefield,-25.284,269,-0.1356,-0.1297,95.31,3014
2025,13,the citadel,-25.438,270,-0.1277,-0.1392,95.31,3014
2025,13,valparaiso,-25.51,271,-0.1758,-0.0919,95.31,3014
2025,13,hampton,-25.803,272,-0.1173,-0.1535,95.31,3014
2025,13,robert morris,-26.195,273,-0.1832,-0.0916,95.31,3014
2025,13,savannah state,-26.289,274,-0.2042,-0.0716,95.31,3014
2025,13,indiana state,-26.326,275,-0.1368,-0.1394,95.31,3014
2025,13,southern,-26.491,276,-0.1423,-0.1357,95.31,3014
2025,13,samford,-26.583,277,-0.2085,-0.0704,95.31,3014
2025,13,greensboro,-26.69,278,-0.1616,-0.1185,95.31,3014
2025,13,sam houston,-26.871,279,-0.1573,-0.1247,95.31,3014
2025,13,morehead state,-27.212,280,-0.1026,-0.1829,95.31,3014
2025,13,florida a and m,-27.325,281,-0.1133,-0.1734,95.31,3014
2025,13,eastern illinois,-27.55,282,-0.1784,-0.1106,95.31,3014
2025,13,saint francis,-27.619,283,-0.2087,-0.081,95.31,3014
2025,13,georgetown,-27.974,284,-0.2,-0.0935,95.31,3014
2025,13,warner,-28.524,285,-0.1276,-0.1716,95.31,3014
2025,13,alabama a and m,-29.453,286,-0.1601,-0.149,95.31,3014
2025,13,louisiana christian,-29.526,287,-0.1438,-0.1659,95.31,3014
2025,13,western illinois,-29.537,288,-0.1373,-0.1726,95.31,3014
2025,13,ferrum,-30.383,289,-0.1976,-0.1212,95.31,3014
2025,13,tennessee state,-30.916,290,-0.2635,-0.0609,95.31,3014
2025,13,portland state,-31.313,291,-0.1638,-0.1647,95.31,3014
2025,13,wagner,-31.961,292,-0.25,-0.0853,95.31,3014
2025,13,murray state,-32.269,293,-0.1133,-0.2253,95.31,3014
2025,13,morehouse,-33.275,294,-0.1318,-0.2174,95.31,3014
2025,13,arkansas pine bluff,-34.581,295,-0.1718,-0.191,95.31,3014
2025,13,massachusetts,-34.614,296,-0.2068,-0.1563,95.31,3014
2025,13,stetson,-35.421,297,-0.1963,-0.1753,95.31,3014
2025,13,north carolina a and t,-36.064,298,-0.191,-0.1874,95.31,3014
2025,13,mississippi valley state,-36.252,299,-0.2306,-0.1498,95.31,3014
2025,13,arkansas baptist,-36.37,300,-0.2056,-0.176,95.31,3014
2025,13,cumberland tn,-36.389,301,-0.2167,-0.1651,95.31,3014
2025,13,vmi,-37.102,302,-0.2098,-0.1794,95.31,3014
2025,13,davidson,-37.201,303,-0.1321,-0.2582,95.31,3014
2025,13,western connecticut state,-38.239,304,-0.213,-0.1882,95.31,3014
2025,13,southern connecticut state,-39.558,305,-0.1181,-0.2969,95.31,3014
2025,13,virginia lynchburg,-40.599,306,-0.2492,-0.1767,95.31,3014
2025,13,northwestern state,-47.323,307,-0.2449,-0.2516,95.31,3014
2025,13,langston,-47.419,308,-0.2621,-0.2354,95.31,3014
2025,13,sul ross state,-50.165,309,-0.282,-0.2443,95.31,3014
2025,13,lincoln ca,-63.592,310,-0.357,-0.3102,95.31,3014
2025,14,ohio state,33.434,1,0.1802,0.173,94.66,3170
2025,14,indiana,32.579,2,0.2094,0.1348,94.66,3170
2025,14,oregon,32.463,3,0.1848,0.1582,94.66,3170
2025,14,notre dame,26.451,4,0.1447,0.1347,94.66,3170
2025,14,texas tech,24.497,5,0.0841,0.1747,94.66,3170
2025,14,miami,23.698,6,0.0961,0.1543,94.66,3170
2025,14,alabama,22.739,7,0.1206,0.1196,94.66,3170
2025,14,utah,22.208,8,0.1567,0.0779,94.66,3170
2025,14,vanderbilt,21.684,9,0.237,-0.0079,94.66,3170
2025,14,north dakota state,21.596,10,0.1425,0.0856,94.66,3170
2025,14,washington,19.941,11,0.1302,0.0805,94.66,3170
2025,14,oklahoma,19.281,12,-0.0059,0.2096,94.66,3170
2025,14,ole miss,19.151,13,0.1453,0.057,94.66,3170
2025,14,georgia,18.844,14,0.0922,0.1069,94.66,3170
2025,14,missouri,18.638,15,0.0597,0.1372,94.66,3170
2025,14,texas a and m,18.345,16,0.1173,0.0765,94.66,3170
2025,14,south florida,17.885,17,0.1269,0.0621,94.66,3170
2025,14,usc,17.276,18,0.1766,0.0059,94.66,3170
2025,14,byu,16.597,19,0.0763,0.0991,94.66,3170
2025,14,james madison,16.533,20,0.0315,0.1431,94.66,3170
2025,14,montana state,16.218,21,0.1424,0.029,94.66,3170
2025,14,tennessee,15.482,22,0.1552,0.0084,94.66,3170
2025,14,north texas,15.257,23,0.1876,-0.0264,94.66,3170
2025,14,florida state,15.117,24,0.1372,0.0225,94.66,3170
2025,14,penn state,15.041,25,0.097,0.0619,94.66,3170
2025,14,auburn,14.871,26,0.0331,0.124,94.66,3170
2025,14,old dominion,14.728,27,0.0521,0.1035,94.66,3170
2025,14,toledo,14.183,28,0.0204,0.1295,94.66,3170
2025,14,smu,13.977,29,0.0664,0.0812,94.66,3170
2025,14,michigan,11.542,30,0.0552,0.0667,94.66,3170
2025,14,texas,11.281,31,0.0225,0.0967,94.66,3170
2025,14,louisville,10.653,32,0.0313,0.0812,94.66,3170
2025,14,iowa,9.688,33,-0.0152,0.1176,94.66,3170
2025,14,arkansas,9.24,34,0.1562,-0.0586,94.66,3170
2025,14,east carolina,9.074,35,0.0299,0.0659,94.66,3170
2025,14,arizona,8.9,36,0.0091,0.0849,94.66,3170
2025,14,cincinnati,8.813,37,0.1294,-0.0363,94.66,3170
2025,14,mercer,8.049,38,0.0827,0.0024,94.66,3170
2025,14,iowa state,7.937,39,0.0331,0.0507,94.66,3170
2025,14,wake forest,7.742,40,-0.0461,0.1279,94.66,3170
2025,14,pittsburgh,7.331,41,0.0011,0.0763,94.66,3170
2025,14,lsu,7.33,42,-0.0455,0.1229,94.66,3170
2025,14,boise state,7.251,43,0.0094,0.0672,94.66,3170
2025,14,nc state,6.69,44,0.0806,-0.01,94.66,3170
2025,14,florida,6.667,45,0.026,0.0444,94.66,3170
2025,14,georgia tech,6.531,46,0.0968,-0.0278,94.66,3170
2025,14,kansas state,6.503,47,0.0357,0.033,94.66,3170
2025,14,virginia,6.064,48,-0.0124,0.0765,94.66,3170
2025,14,tcu,6.033,49,0.048,0.0157,94.66,3170
2025,14,lehigh,5.863,50,0.0423,0.0196,94.66,3170
2025,14,tarleton state,5.659,51,0.0577,0.002,94.66,3170
2025,14,san diego state,5.401,52,-0.0612,0.1183,94.66,3170
2025,14,memphis,5.221,53,0.0601,-0.005,94.66,3170
2025,14,north dakota,5.209,54,-0.0372,0.0923,94.66,3170
2025,14,south carolina,5.204,55,-0.0184,0.0734,94.66,3170
2025,14,clemson,5.043,56,0.0115,0.0418,94.66,3170
2025,14,presbyterian,4.814,57,0.0108,0.0401,94.66,3170
2025,14,mississippi state,4.139,58,0.0399,0.0038,94.66,3170
2025,14,baylor,4.095,59,0.0625,-0.0193,94.66,3170
2025,14,kansas,3.854,60,0.0926,-0.0519,94.66,3170
2025,14,illinois,3.76,61,0.0421,-0.0024,94.66,3170
2025,14,navy,3.711,62,0.0924,-0.0532,94.66,3170
2025,14,stephen f austin,3.483,63,-0.0484,0.0852,94.66,3170
2025,14,arizona state,3.224,64,-0.0234,0.0575,94.66,3170
2025,14,tulane,2.996,65,0.0283,0.0033,94.66,3170
2025,14,jackson state,2.283,66,0.0326,-0.0085,94.66,3170
2025,14,harvard,2.266,67,0.0592,-0.0353,94.66,3170
2025,14,texas state,2.252,68,0.1031,-0.0793,94.66,3170
2025,14,rhode island,1.763,69,0.0418,-0.0232,94.66,3170
2025,14,utsa,1.607,70,0.0109,0.0061,94.66,3170
2025,14,uc davis,1.372,71,0.0701,-0.0556,94.66,3170
2025,14,kentucky,1.277,72,-0.0125,0.026,94.66,3170
2025,14,austin peay,1.267,73,0.0412,-0.0278,94.66,3170
2025,14,alabama state,1.176,74,0.1359,-0.1234,94.66,3170
2025,14,washington state,1.025,75,-0.0291,0.04,94.66,3170
2025,14,unlv,0.974,76,0.1074,-0.0971,94.66,3170
2025,14,montana,0.846,77,0.0491,-0.0401,94.66,3170
2025,14,duke,0.619,78,0.085,-0.0785,94.66,3170
2025,14,monmouth,0.57,79,0.0952,-0.0891,94.66,3170
2025,14,new mexico,0.52,80,-0.0136,0.0191,94.66,3170
2025,14,ut rio grande valley,0.435,81,0.0419,-0.0373,94.66,3170
2025,14,southern illinois,0.434,82,0.0841,-0.0795,94.66,3170
2025,14,nebraska,-0.109,83,0.0233,-0.0244,94.66,3170
2025,14,prairie view a and m,-0.478,84,-0.0248,0.0197,94.66,3170
2025,14,south dakota state,-0.706,85,-0.0628,0.0554,94.66,3170
2025,14,houston,-0.721,86,-0.0337,0.0261,94.66,3170
2025,14,tennessee tech,-0.747,87,-0.0094,0.0015,94.66,3170
2025,14,villanova,-1.034,88,0.0221,-0.033,94.66,3170
2025,14,ucf,-1.195,89,-0.0292,0.0165,94.66,3170
2025,14,utah state,-1.463,90,0.0089,-0.0244,94.66,3170
2025,14,uconn,-1.957,91,0.0527,-0.0734,94.66,3170
2025,14,western kentucky,-1.993,92,-0.0174,-0.0037,94.66,3170
2025,14,se louisiana,-2.25,93,-0.0387,0.0149,94.66,3170
2025,14,virginia tech,-2.447,94,0.0325,-0.0583,94.66,3170
2025,14,michigan state,-2.578,95,-0.0148,-0.0124,94.66,3170
2025,14,dartmouth,-2.622,96,0.0229,-0.0506,94.66,3170
2025,14,south carolina state,-2.67,97,-0.029,0.0008,94.66,3170
2025,14,southern utah,-2.832,98,0.0741,-0.104,94.66,3170
2025,14,marshall,-3.344,99,-0.026,-0.0094,94.66,3170
2025,14,yale,-3.433,100,-0.0403,0.0041,94.66,3170
2025,14,youngstown state,-3.574,101,0.0955,-0.1333,94.66,3170
2025,14,louisiana tech,-3.68,102,-0.0534,0.0145,94.66,3170
2025,14,northwestern,-3.736,103,-0.0205,-0.0189,94.66,3170
2025,14,idaho state,-3.811,104,0.0099,-0.0502,94.66,3170
2025,14,western michigan,-3.891,105,-0.0801,0.0389,94.66,3170
2025,14,state thomas mn,-4.401,106,-0.0297,-0.0168,94.66,3170
2025,14,fresno state,-4.408,107,-0.0798,0.0333,94.66,3170
2025,14,north carolina central,-4.5,108,-0.0239,-0.0237,94.66,3170
2025,14,sacramento state,-4.729,109,0.0049,-0.0549,94.66,3170
2025,14,west georgia,-4.916,110,-0.0811,0.0291,94.66,3170
2025,14,abilene christian,-5.03,111,-0.0208,-0.0323,94.66,3170
2025,14,delaware state,-5.216,112,0.0047,-0.0598,94.66,3170
2025,14,boston college,-5.235,113,0.0099,-0.0652,94.66,3170
2025,14,rutgers,-5.333,114,0.0618,-0.1181,94.66,3170
2025,14,ohio,-5.517,115,-0.0038,-0.0545,94.66,3170
2025,14,california,-5.543,116,-0.0579,-0.0007,94.66,3170
2025,14,wisconsin,-5.693,117,-0.0771,0.017,94.66,3170
2025,14,south dakota,-5.842,118,0.03,-0.0917,94.66,3170
2025,14,maryland,-5.912,119,-0.0735,0.0111,94.66,3170
2025,14,san jose state,-5.948,120,0.013,-0.0759,94.66,3170
2025,14,ucla,-5.983,121,-0.0173,-0.0459,94.66,3170
2025,14,kennesaw state,-6.009,122,-0.0003,-0.0632,94.66,3170
2025,14,west virginia,-6.15,123,-0.0772,0.0122,94.66,3170
2025,14,central michigan,-6.225,124,-0.057,-0.0088,94.66,3170
2025,14,florida international,-6.35,125,-0.0502,-0.0169,94.66,3170
2025,14,army,-6.368,126,-0.0496,-0.0176,94.66,3170
2025,14,idaho,-6.475,127,-0.0123,-0.0561,94.66,3170
2025,14,stanford,-6.934,128,-0.0702,-0.003,94.66,3170
2025,14,southern miss,-7.321,129,-0.0553,-0.0221,94.66,3170
2025,14,liberty,-7.401,130,-0.0126,-0.0656,94.66,3170
2025,14,miami oh,-7.46,131,-0.0847,0.0058,94.66,3170
2025,14,western carolina,-7.536,132,0.0377,-0.1174,94.66,3170
2025,14,minnesota,-7.621,133,-0.0678,-0.0127,94.66,3170
2025,14,jacksonville state,-7.816,134,-0.0081,-0.0744,94.66,3170
2025,14,drake,-7.906,135,-0.0384,-0.0451,94.66,3170
2025,14,florida atlantic,-8.04,136,-0.0235,-0.0614,94.66,3170
2025,14,dayton,-8.075,137,-0.0791,-0.0062,94.66,3170
2025,14,purdue,-8.09,138,-0.0246,-0.0608,94.66,3170
2025,14,colorado,-8.383,139,-0.0563,-0.0323,94.66,3170
2025,14,tulsa,-8.634,140,-0.0689,-0.0223,94.66,3170
2025,14,hawaii,-8.677,141,-0.0563,-0.0354,94.66,3170
2025,14,adrian,-8.772,142,-0.0854,-0.0073,94.66,3170
2025,14,north carolina,-8.865,143,-0.0813,-0.0124,94.66,3170
2025,14,oregon state,-8.867,144,-0.0636,-0.0301,94.66,3170
2025,14,pennsylvania,-8.993,145,0.0248,-0.1198,94.66,3170
2025,14,wyoming,-9.086,146,-0.1414,0.0454,94.66,3170
2025,14,temple,-9.434,147,-0.0108,-0.0889,94.66,3170
2025,14,delaware,-10.112,148,-0.0001,-0.1068,94.66,3170
2025,14,saginaw valley state,-10.236,149,-0.0469,-0.0612,94.66,3170
2025,14,bowie state,-10.311,150,-0.0664,-0.0426,94.66,3170
2025,14,troy,-10.425,151,-0.0926,-0.0175,94.66,3170
2025,14,illinois state,-10.444,152,-0.053,-0.0573,94.66,3170
2025,14,maine,-10.546,153,-0.0864,-0.0251,94.66,3170
2025,14,northern arizona,-10.832,154,0.0026,-0.117,94.66,3170
2025,14,elon,-10.849,155,-0.0954,-0.0192,94.66,3170
2025,14,new haven,-11.085,156,-0.08,-0.0371,94.66,3170
2025,14,east tennessee state,-11.099,157,-0.0514,-0.0658,94.66,3170
2025,14,cornell,-11.112,158,-0.102,-0.0154,94.66,3170
2025,14,duquesne,-11.255,159,-0.0265,-0.0925,94.66,3170
2025,14,chadron state,-11.313,160,-0.0763,-0.0432,94.66,3170
2025,14,incarnate word,-11.435,161,-0.0879,-0.0329,94.66,3170
2025,14,south alabama,-11.476,162,-0.0406,-0.0806,94.66,3170
2025,14,missouri state,-11.677,163,-0.0246,-0.0988,94.66,3170
2025,14,colorado state,-11.949,164,-0.0379,-0.0883,94.66,3170
2025,14,uab,-12.213,165,-0.0095,-0.1195,94.66,3170
2025,14,long island university,-12.228,166,-0.1661,0.037,94.66,3170
2025,14,sacred heart,-12.23,167,0.0133,-0.1425,94.66,3170
2025,14,san diego,-12.494,168,-0.0868,-0.0452,94.66,3170
2025,14,lamar,-12.646,169,-0.1609,0.0273,94.66,3170
2025,14,eastern michigan,-13.094,170,-0.0034,-0.135,94.66,3170
2025,14,elizabeth city state,-13.31,171,-0.0564,-0.0842,94.66,3170
2025,14,texas wesleyan,-13.398,172,-0.109,-0.0326,94.66,3170
2025,14,air force,-13.432,173,0.0665,-0.2084,94.66,3170
2025,14,pace,-13.433,174,-0.0802,-0.0617,94.66,3170
2025,14,cal poly,-13.452,175,-0.0806,-0.0616,94.66,3170
2025,14,webber international,-13.453,176,-0.1196,-0.0225,94.66,3170
2025,14,new hampshire,-13.768,177,-0.0605,-0.085,94.66,3170
2025,14,stony brook,-13.85,178,-0.1049,-0.0414,94.66,3170
2025,14,middle tennessee,-13.933,179,-0.0537,-0.0935,94.66,3170
2025,14,georgia southern,-14.174,180,0.0051,-0.1549,94.66,3170
2025,14,georgia state,-14.174,181,-0.0551,-0.0947,94.66,3170
2025,14,syracuse,-14.278,182,-0.0886,-0.0623,94.66,3170
2025,14,nevada,-14.328,183,-0.1155,-0.0359,94.66,3170
2025,14,ul monroe,-14.377,184,-0.0969,-0.055,94.66,3170
2025,14,eastern kentucky,-14.758,185,-0.1487,-0.0072,94.66,3170
2025,14,wofford,-14.783,186,-0.1845,0.0284,94.66,3170
2025,14,towson,-14.819,187,-0.0653,-0.0913,94.66,3170
2025,14,brown,-15.045,188,-0.0674,-0.0915,94.66,3170
2025,14,richmond,-15.07,189,-0.1352,-0.024,94.66,3170
2025,14,princeton,-15.128,190,-0.0983,-0.0615,94.66,3170
2025,14,lafayette,-15.193,191,-0.0271,-0.1334,94.66,3170
2025,14,central arkansas,-15.288,192,-0.0483,-0.1132,94.66,3170
2025,14,central connecticut,-15.369,193,-0.0846,-0.0778,94.66,3170
2025,14,app state,-15.55,194,-0.0865,-0.0778,94.66,3170
2025,14,allen,-15.617,195,-0.0329,-0.132,94.66,3170
2025,14,new mexico state,-15.753,196,-0.1543,-0.0122,94.66,3170
2025,14,coastal carolina,-15.919,197,-0.0965,-0.0717,94.66,3170
2025,14,buffalo,-16.056,198,-0.1348,-0.0349,94.66,3170
2025,14,arkansas state,-16.305,199,-0.1011,-0.0711,94.66,3170
2025,14,northern michigan,-16.326,200,-0.1,-0.0725,94.66,3170
2025,14,east texas a and m,-16.34,201,-0.0669,-0.1057,94.66,3170
2025,14,louisiana,-16.394,202,-0.0903,-0.0829,94.66,3170
2025,14,kentucky state,-16.472,203,-0.0328,-0.1413,94.66,3170
2025,14,gardner webb,-17.046,204,-0.0747,-0.1053,94.66,3170
2025,14,erskine,-17.076,205,-0.0877,-0.0927,94.66,3170
2025,14,utep,-17.105,206,-0.1851,0.0044,94.66,3170
2025,14,nicholls,-17.269,207,-0.1239,-0.0586,94.66,3170
2025,14,northeastern state,-17.312,208,-0.091,-0.0919,94.66,3170
2025,14,virginia state,-17.402,209,-0.118,-0.0659,94.66,3170
2025,14,holy cross,-17.577,210,-0.1756,-0.01,94.66,3170
2025,14,northern colorado,-17.618,211,-0.1182,-0.068,94.66,3170
2025,14,colgate,-17.822,212,-0.0423,-0.1459,94.66,3170
2025,14,bowling green,-17.856,213,-0.1575,-0.0311,94.66,3170
2025,14,lindenwood,-17.896,214,-0.0745,-0.1145,94.66,3170
2025,14,chattanooga,-17.986,215,-0.0673,-0.1227,94.66,3170
2025,14,northern iowa,-18.053,216,-0.11,-0.0807,94.66,3170
2025,14,akron,-18.113,217,-0.118,-0.0734,94.66,3170
2025,14,alcorn state,-18.301,218,-0.137,-0.0564,94.66,3170
2025,14,eastern washington,-18.452,219,-0.1476,-0.0473,94.66,3170
2025,14,rice,-18.463,220,-0.1343,-0.0607,94.66,3170
2025,14,miles,-18.545,221,-0.1495,-0.0464,94.66,3170
2025,14,mckendree,-18.878,222,-0.1103,-0.0891,94.66,3170
2025,14,mcneese,-18.886,223,-0.0956,-0.1039,94.66,3170
2025,14,fayetteville state,-18.889,224,-0.0986,-0.101,94.66,3170
2025,14,marist,-18.946,225,-0.1747,-0.0255,94.66,3170
2025,14,lincoln pa,-18.961,226,-0.1186,-0.0817,94.66,3170
2025,14,central state,-18.991,227,-0.1949,-0.0058,94.66,3170
2025,14,kent state,-19.207,228,-0.1002,-0.1027,94.66,3170
2025,14,southeast missouri state,-19.605,229,-0.1377,-0.0694,94.66,3170
2025,14,norfolk state,-19.71,230,-0.0932,-0.115,94.66,3170
2025,14,morgan state,-19.772,231,-0.124,-0.0848,94.66,3170
2025,14,utah tech,-19.879,232,-0.1576,-0.0524,94.66,3170
2025,14,furman,-19.891,233,-0.1037,-0.1064,94.66,3170
2025,14,oklahoma state,-20.254,234,-0.1482,-0.0658,94.66,3170
2025,14,butler,-20.31,235,-0.0757,-0.1388,94.66,3170
2025,14,edward waters,-20.401,236,-0.1625,-0.053,94.66,3170
2025,14,kentucky christian,-20.666,237,-0.0131,-0.2052,94.66,3170
2025,14,upper iowa,-20.675,238,-0.1212,-0.0973,94.66,3170
2025,14,merrimack,-20.787,239,-0.1256,-0.094,94.66,3170
2025,14,bethune cookman,-20.817,240,-0.0521,-0.1678,94.66,3170
2025,14,william and mary,-20.818,241,-0.0549,-0.1651,94.66,3170
2025,14,howard,-20.91,242,-0.2007,-0.0202,94.66,3170
2025,14,american international,-20.915,243,-0.1599,-0.061,94.66,3170
2025,14,grambling,-20.919,244,-0.1752,-0.0458,94.66,3170
2025,14,campbell,-21.093,245,-0.119,-0.1039,94.66,3170
2025,14,ut martin,-21.316,246,-0.0927,-0.1325,94.66,3170
2025,14,bryant,-21.351,247,-0.1287,-0.0969,94.66,3170
2025,14,ualbany,-21.416,248,-0.1665,-0.0597,94.66,3170
2025,14,mercyhurst,-21.542,249,-0.1021,-0.1255,94.66,3170
2025,14,bucknell,-21.847,250,-0.0456,-0.1852,94.66,3170
2025,14,hanover,-21.921,251,-0.1768,-0.0548,94.66,3170
2025,14,northern illinois,-21.96,252,-0.1378,-0.0942,94.66,3170
2025,14,fordham,-22.349,253,-0.1915,-0.0446,94.66,3170
2025,14,charleston southern,-22.468,254,-0.1375,-0.0998,94.66,3170
2025,14,texas southern,-22.805,255,-0.1138,-0.1271,94.66,3170
2025,14,stonehill,-22.864,256,-0.1835,-0.058,94.66,3170
2025,14,west liberty,-22.987,257,-0.1085,-0.1344,94.66,3170
2025,14,columbia,-23.908,258,-0.1588,-0.0938,94.66,3170
2025,14,bentley,-23.917,259,-0.1308,-0.1219,94.66,3170
2025,14,tuskegee,-23.985,260,-0.1231,-0.1302,94.66,3170
2025,14,weber state,-24.115,261,-0.156,-0.0988,94.66,3170
2025,14,thomas more,-24.474,262,-0.1907,-0.0679,94.66,3170
2025,14,north alabama,-24.556,263,-0.1287,-0.1307,94.66,3170
2025,14,ball state,-24.611,264,-0.1827,-0.0773,94.66,3170
2025,14,indiana state,-24.611,265,-0.1299,-0.1301,94.66,3170
2025,14,western oregon,-24.894,266,-0.1461,-0.1169,94.66,3170
2025,14,southern,-24.973,267,-0.1355,-0.1283,94.66,3170
2025,14,lane college,-25.203,268,-0.2103,-0.056,94.66,3170
2025,14,the citadel,-25.319,269,-0.1286,-0.1389,94.66,3170
2025,14,charlotte,-25.329,270,-0.1695,-0.0981,94.66,3170
2025,14,houston christian,-25.337,271,-0.228,-0.0397,94.66,3170
2025,14,bluefield,-25.407,272,-0.1373,-0.1312,94.66,3170
2025,14,hampton,-25.579,273,-0.1163,-0.1539,94.66,3170
2025,14,valparaiso,-25.639,274,-0.177,-0.0939,94.66,3170
2025,14,robert morris,-26.347,275,-0.1842,-0.0942,94.66,3170
2025,14,savannah state,-26.373,276,-0.2057,-0.0729,94.66,3170
2025,14,samford,-26.757,277,-0.211,-0.0717,94.66,3170
2025,14,sam houston,-26.839,278,-0.1476,-0.1359,94.66,3170
2025,14,greensboro,-26.891,279,-0.1638,-0.1203,94.66,3170
2025,14,morehead state,-27.358,280,-0.104,-0.185,94.66,3170
2025,14,saint francis,-27.391,281,-0.2088,-0.0806,94.66,3170
2025,14,eastern illinois,-27.594,282,-0.1779,-0.1136,94.66,3170
2025,14,florida a and m,-28.129,283,-0.1117,-0.1855,94.66,3170
2025,14,georgetown,-28.345,284,-0.2031,-0.0963,94.66,3170
2025,14,warner,-28.725,285,-0.1298,-0.1736,94.66,3170
2025,14,alabama a and m,-29.432,286,-0.1617,-0.1492,94.66,3170
2025,14,louisiana christian,-29.647,287,-0.1462,-0.167,94.66,3170
2025,14,western illinois,-29.708,288,-0.1378,-0.1761,94.66,3170
2025,14,ferrum,-30.399,289,-0.1994,-0.1217,94.66,3170
2025,14,portland state,-30.791,290,-0.1622,-0.1631,94.66,3170
2025,14,tennessee state,-30.874,291,-0.2641,-0.0621,94.66,3170
2025,14,murray state,-31.061,292,-0.1065,-0.2217,94.66,3170
2025,14,wagner,-31.91,293,-0.2501,-0.087,94.66,3170
2025,14,morehouse,-33.262,294,-0.1325,-0.2189,94.66,3170
2025,14,arkansas pine bluff,-34.163,295,-0.1714,-0.1896,94.66,3170
2025,14,massachusetts,-35.317,296,-0.2026,-0.1705,94.66,3170
2025,14,mississippi valley state,-35.32,297,-0.2186,-0.1546,94.66,3170
2025,14,stetson,-35.838,298,-0.2,-0.1786,94.66,3170
2025,14,north carolina a and t,-35.877,299,-0.192,-0.187,94.66,3170
2025,14,arkansas baptist,-36.447,300,-0.2075,-0.1775,94.66,3170
2025,14,cumberland tn,-36.891,301,-0.2177,-0.172,94.66,3170
2025,14,vmi,-36.989,302,-0.2092,-0.1815,94.66,3170
2025,14,davidson,-37.57,303,-0.1351,-0.2618,94.66,3170
2025,14,western connecticut state,-38.228,304,-0.2144,-0.1894,94.66,3170
2025,14,southern connecticut state,-39.498,305,-0.1194,-0.2979,94.66,3170
2025,14,virginia lynchburg,-40.598,306,-0.2513,-0.1776,94.66,3170
2025,14,northwestern state,-47.369,307,-0.2457,-0.2547,94.66,3170
2025,14,langston,-47.58,308,-0.2654,-0.2372,94.66,3170
2025,14,sul ross state,-50.176,309,-0.2843,-0.2458,94.66,3170
2025,14,lincoln ca,-63.351,310,-0.3577,-0.3116,94.66,3170
2025,15,ohio state,33.402,1,0.1759,0.1761,94.88,3206
2025,15,indiana,32.885,2,0.2073,0.1393,94.88,3206
2025,15,oregon,32.496,3,0.1853,0.1572,94.88,3206
2025,15,notre dame,26.506,4,0.1451,0.1343,94.88,3206
2025,15,texas tech,24.531,5,0.08,0.1786,94.88,3206
2025,15,miami,23.743,6,0.0962,0.154,94.88,3206
2025,15,utah,22.256,7,0.1577,0.0769,94.88,3206
2025,15,vanderbilt,21.59,8,0.2368,-0.0093,94.88,3206
2025,15,alabama,21.318,9,0.1052,0.1195,94.88,3206
2025,15,georgia,20.397,10,0.0927,0.1223,94.88,3206
2025,15,washington,20.027,11,0.1304,0.0807,94.88,3206
2025,15,north dakota state,19.492,12,0.1126,0.0928,94.88,3206
2025,15,oklahoma,19.41,13,-0.0036,0.2082,94.88,3206
2025,15,ole miss,19.324,14,0.147,0.0567,94.88,3206
2025,15,missouri,18.586,15,0.0598,0.1361,94.88,3206
2025,15,texas a and m,18.334,16,0.117,0.0762,94.88,3206
2025,15,south florida,17.869,17,0.1271,0.0612,94.88,3206
2025,15,usc,17.335,18,0.1768,0.0059,94.88,3206
2025,15,byu,16.693,19,0.0724,0.1035,94.88,3206
2025,15,tennessee,15.513,20,0.1564,0.0071,94.88,3206
2025,15,penn state,15.192,21,0.0993,0.0608,94.88,3206
2025,15,james madison,15.049,22,0.0193,0.1393,94.88,3206
2025,15,florida state,14.995,23,0.1374,0.0207,94.88,3206
2025,15,montana state,14.977,24,0.1307,0.0271,94.88,3206
2025,15,old dominion,14.711,25,0.0528,0.1022,94.88,3206
2025,15,auburn,14.598,26,0.0331,0.1208,94.88,3206
2025,15,north texas,14.511,27,0.1773,-0.0244,94.88,3206
2025,15,toledo,14.17,28,0.0211,0.1282,94.88,3206
2025,15,smu,13.995,29,0.0667,0.0808,94.88,3206
2025,15,michigan,11.583,30,0.0557,0.0664,94.88,3206
2025,15,texas,11.419,31,0.0241,0.0963,94.88,3206
2025,15,louisville,10.559,32,0.0315,0.0798,94.88,3206
2025,15,iowa,9.77,33,-0.0147,0.1177,94.88,3206
2025,15,arkansas,9.268,34,0.1562,-0.0585,94.88,3206
2025,15,east carolina,9.173,35,0.0312,0.0655,94.88,3206
2025,15,arizona,8.946,36,0.0099,0.0844,94.88,3206
2025,15,cincinnati,8.879,37,0.1302,-0.0366,94.88,3206
2025,15,iowa state,8.268,38,0.0355,0.0517,94.88,3206
2025,15,wake forest,7.73,39,-0.0455,0.127,94.88,3206
2025,15,pittsburgh,7.331,40,0.0011,0.0762,94.88,3206
2025,15,lsu,7.272,41,-0.0453,0.1219,94.88,3206
2025,15,boise state,7.164,42,0.0085,0.0671,94.88,3206
2025,15,tarleton state,6.94,43,0.0568,0.0163,94.88,3206
2025,15,florida,6.791,44,0.0273,0.0443,94.88,3206
2025,15,georgia tech,6.697,45,0.0985,-0.0279,94.88,3206
2025,15,nc state,6.696,46,0.0809,-0.0104,94.88,3206
2025,15,kansas state,6.502,47,0.0365,0.032,94.88,3206
2025,15,tcu,6.123,48,0.0482,0.0163,94.88,3206
2025,15,virginia,5.401,49,-0.0168,0.0737,94.88,3206
2025,15,san diego state,5.379,50,-0.0612,0.1178,94.88,3206
2025,15,memphis,5.355,51,0.0618,-0.0053,94.88,3206
2025,15,clemson,5.147,52,0.0125,0.0418,94.88,3206
2025,15,south carolina,5.096,53,-0.0184,0.0721,94.88,3206
2025,15,lehigh,4.702,54,0.0233,0.0262,94.88,3206
2025,15,north dakota,4.422,55,-0.0488,0.0954,94.88,3206
2025,15,presbyterian,4.419,56,0.0092,0.0374,94.88,3206
2025,15,mississippi state,4.287,57,0.0412,0.004,94.88,3206
2025,15,baylor,4.054,58,0.0623,-0.0196,94.88,3206
2025,15,kansas,3.883,59,0.093,-0.0521,94.88,3206
2025,15,tulane,3.855,60,0.0262,0.0144,94.88,3206
2025,15,illinois,3.803,61,0.0435,-0.0034,94.88,3206
2025,15,mercer,3.738,62,0.0551,-0.0158,94.88,3206
2025,15,navy,3.62,63,0.0926,-0.0544,94.88,3206
2025,15,arizona state,3.273,64,-0.0227,0.0572,94.88,3206
2025,15,stephen f austin,2.896,65,-0.0398,0.0703,94.88,3206
2025,15,harvard,2.393,66,0.0613,-0.0361,94.88,3206
2025,15,texas state,2.276,67,0.1038,-0.0798,94.88,3206
2025,15,jackson state,2.03,68,0.0274,-0.006,94.88,3206
2025,15,uc davis,1.962,69,0.077,-0.0563,94.88,3206
2025,15,utsa,1.628,70,0.0121,0.0051,94.88,3206
2025,15,austin peay,1.618,71,0.0436,-0.0265,94.88,3206
2025,15,kentucky,1.36,72,-0.0117,0.026,94.88,3206
2025,15,duke,1.307,73,0.0885,-0.0747,94.88,3206
2025,15,alabama state,1.142,74,0.1365,-0.1244,94.88,3206
2025,15,rhode island,1.083,75,0.0411,-0.0297,94.88,3206
2025,15,unlv,1.066,76,0.1079,-0.0967,94.88,3206
2025,15,washington state,0.809,77,-0.0291,0.0376,94.88,3206
2025,15,southern illinois,0.775,78,0.0892,-0.081,94.88,3206
2025,15,monmouth,0.609,79,0.0963,-0.0899,94.88,3206
2025,15,new mexico,0.507,80,-0.0133,0.0186,94.88,3206
2025,15,ut rio grande valley,0.386,81,0.0416,-0.0375,94.88,3206
2025,15,montana,0.345,82,0.0601,-0.0565,94.88,3206
2025,15,villanova,0.106,83,0.015,-0.0139,94.88,3206
2025,15,south dakota state,0.065,84,-0.0428,0.0435,94.88,3206
2025,15,nebraska,-0.061,85,0.0237,-0.0243,94.88,3206
2025,15,prairie view a and m,-0.26,86,-0.0274,0.0247,94.88,3206
2025,15,houston,-0.766,87,-0.0343,0.0263,94.88,3206
2025,15,tennessee tech,-0.859,88,-0.0092,0.0002,94.88,3206
2025,15,ucf,-1.22,89,-0.0279,0.0151,94.88,3206
2025,15,utah state,-1.497,90,0.0092,-0.0249,94.88,3206
2025,15,uconn,-1.917,91,0.0532,-0.0734,94.88,3206
2025,15,western kentucky,-2.012,92,-0.017,-0.0042,94.88,3206
2025,15,south dakota,-2.037,93,0.0478,-0.0692,94.88,3206
2025,15,se louisiana,-2.062,94,-0.036,0.0142,94.88,3206
2025,15,yale,-2.304,95,-0.0375,0.0132,94.88,3206
2025,15,southern utah,-2.522,96,0.0756,-0.1022,94.88,3206
2025,15,michigan state,-2.566,97,-0.014,-0.0131,94.88,3206
2025,15,virginia tech,-2.574,98,0.032,-0.0591,94.88,3206
2025,15,dartmouth,-2.575,99,0.0235,-0.0507,94.88,3206
2025,15,south carolina state,-2.808,100,-0.0293,-0.0003,94.88,3206
2025,15,youngstown state,-3.349,101,0.0988,-0.1341,94.88,3206
2025,15,marshall,-3.373,102,-0.0251,-0.0105,94.88,3206
2025,15,northwestern,-3.674,103,-0.0196,-0.0191,94.88,3206
2025,15,louisiana tech,-3.685,104,-0.0531,0.0143,94.88,3206
2025,15,idaho state,-3.921,105,0.0091,-0.0504,94.88,3206
2025,15,abilene christian,-4.293,106,-0.0059,-0.0394,94.88,3206
2025,15,fresno state,-4.449,107,-0.0797,0.0328,94.88,3206
2025,15,western michigan,-4.519,108,-0.0885,0.0408,94.88,3206
2025,15,north carolina central,-4.573,109,-0.0238,-0.0244,94.88,3206
2025,15,state thomas mn,-4.604,110,-0.0288,-0.0197,94.88,3206
2025,15,sacramento state,-4.703,111,0.0033,-0.0529,94.88,3206
2025,15,west georgia,-4.724,112,-0.0799,0.0301,94.88,3206
2025,15,boston college,-5.243,113,0.0101,-0.0653,94.88,3206
2025,15,delaware state,-5.283,114,0.0047,-0.0604,94.88,3206
2025,15,rutgers,-5.295,115,0.0629,-0.1187,94.88,3206
2025,15,ohio,-5.567,116,-0.0027,-0.0559,94.88,3206
2025,15,california,-5.587,117,-0.0576,-0.0013,94.88,3206
2025,15,kennesaw state,-5.634,118,-0.0033,-0.056,94.88,3206
2025,15,wisconsin,-5.745,119,-0.0756,0.015,94.88,3206
2025,15,maryland,-5.872,120,-0.073,0.0111,94.88,3206
2025,15,ucla,-5.961,121,-0.0164,-0.0465,94.88,3206
2025,15,san jose state,-5.977,122,0.0133,-0.0763,94.88,3206
2025,15,west virginia,-6.166,123,-0.0764,0.0114,94.88,3206
2025,15,army,-6.268,124,-0.0473,-0.0188,94.88,3206
2025,15,central michigan,-6.312,125,-0.0567,-0.0098,94.88,3206
2025,15,florida international,-6.366,126,-0.0493,-0.0178,94.88,3206
2025,15,idaho,-6.504,127,-0.0133,-0.0552,94.88,3206
2025,15,miami oh,-7.003,128,-0.0877,0.0138,94.88,3206
2025,15,stanford,-7.017,129,-0.0698,-0.0041,94.88,3206
2025,15,southern miss,-7.264,130,-0.0537,-0.0228,94.88,3206
2025,15,drake,-7.349,131,-0.036,-0.0415,94.88,3206
2025,15,liberty,-7.548,132,-0.0119,-0.0676,94.88,3206
2025,15,minnesota,-7.61,133,-0.0673,-0.0129,94.88,3206
2025,15,illinois state,-7.689,134,-0.0564,-0.0247,94.88,3206
2025,15,florida atlantic,-7.99,135,-0.0225,-0.0617,94.88,3206
2025,15,purdue,-8.052,136,-0.0238,-0.0611,94.88,3206
2025,15,dayton,-8.1,137,-0.079,-0.0064,94.88,3206
2025,15,jacksonville state,-8.218,138,-0.0158,-0.0708,94.88,3206
2025,15,western carolina,-8.243,139,0.0346,-0.1215,94.88,3206
2025,15,colorado,-8.351,140,-0.0555,-0.0325,94.88,3206
2025,15,tulsa,-8.525,141,-0.0685,-0.0214,94.88,3206
2025,15,hawaii,-8.7,142,-0.0561,-0.0356,94.88,3206
2025,15,adrian,-8.867,143,-0.0858,-0.0077,94.88,3206
2025,15,north carolina,-8.898,144,-0.0811,-0.0127,94.88,3206
2025,15,oregon state,-8.944,145,-0.0634,-0.0308,94.88,3206
2025,15,troy,-8.977,146,-0.0891,-0.0055,94.88,3206
2025,15,pennsylvania,-9.034,147,0.0262,-0.1214,94.88,3206
2025,15,wyoming,-9.079,148,-0.1411,0.0454,94.88,3206
2025,15,temple,-9.425,149,-0.0097,-0.0896,94.88,3206
2025,15,delaware,-10.175,150,0.0002,-0.1075,94.88,3206
2025,15,saginaw valley state,-10.33,151,-0.047,-0.0618,94.88,3206
2025,15,bowie state,-10.404,152,-0.0665,-0.0431,94.88,3206
2025,15,maine,-10.682,153,-0.0871,-0.0255,94.88,3206
2025,15,northern arizona,-10.909,154,0.0031,-0.1181,94.88,3206
2025,15,elon,-10.935,155,-0.0947,-0.0206,94.88,3206
2025,15,cornell,-11.096,156,-0.1017,-0.0153,94.88,3206
2025,15,new haven,-11.17,157,-0.0801,-0.0376,94.88,3206
2025,15,chadron state,-11.329,158,-0.0763,-0.0431,94.88,3206
2025,15,duquesne,-11.416,159,-0.0258,-0.0946,94.88,3206
2025,15,south alabama,-11.422,160,-0.0388,-0.0815,94.88,3206
2025,15,incarnate word,-11.456,161,-0.0893,-0.0314,94.88,3206
2025,15,missouri state,-11.695,162,-0.024,-0.0992,94.88,3206
2025,15,east tennessee state,-11.754,163,-0.0545,-0.0694,94.88,3206
2025,15,colorado state,-11.972,164,-0.0376,-0.0886,94.88,3206
2025,15,sacred heart,-12.238,165,0.0137,-0.1427,94.88,3206
2025,15,uab,-12.282,166,-0.0093,-0.1202,94.88,3206
2025,15,long island university,-12.372,167,-0.1667,0.0363,94.88,3206
2025,15,san diego,-12.619,168,-0.0865,-0.0465,94.88,3206
2025,15,lamar,-12.716,169,-0.1618,0.0277,94.88,3206
2025,15,eastern michigan,-13.149,170,-0.0026,-0.136,94.88,3206
2025,15,elizabeth city state,-13.403,171,-0.0569,-0.0843,94.88,3206
2025,15,air force,-13.483,172,0.0667,-0.2088,94.88,3206
2025,15,texas wesleyan,-13.496,173,-0.109,-0.0332,94.88,3206
2025,15,pace,-13.535,174,-0.0804,-0.0623,94.88,3206
2025,15,webber international,-13.562,175,-0.1197,-0.0232,94.88,3206
2025,15,cal poly,-13.666,176,-0.0828,-0.0612,94.88,3206
2025,15,new hampshire,-13.78,177,-0.0606,-0.0847,94.88,3206
2025,15,stony brook,-13.887,178,-0.104,-0.0424,94.88,3206
2025,15,middle tennessee,-13.956,179,-0.0527,-0.0944,94.88,3206
2025,15,georgia state,-14.209,180,-0.0546,-0.0952,94.88,3206
2025,15,syracuse,-14.257,181,-0.0881,-0.0622,94.88,3206
2025,15,nevada,-14.363,182,-0.1151,-0.0363,94.88,3206
2025,15,georgia southern,-14.369,183,0.0052,-0.1567,94.88,3206
2025,15,ul monroe,-14.425,184,-0.096,-0.056,94.88,3206
2025,15,eastern kentucky,-14.522,185,-0.1472,-0.0059,94.88,3206
2025,15,towson,-14.791,186,-0.0638,-0.0921,94.88,3206
2025,15,central arkansas,-15.067,187,-0.0466,-0.1122,94.88,3206
2025,15,brown,-15.08,188,-0.0673,-0.0916,94.88,3206
2025,15,richmond,-15.409,189,-0.1359,-0.0265,94.88,3206
2025,15,lafayette,-15.437,190,-0.0273,-0.1354,94.88,3206
2025,15,princeton,-15.447,191,-0.0991,-0.0637,94.88,3206
2025,15,central connecticut,-15.484,192,-0.0848,-0.0784,94.88,3206
2025,15,wofford,-15.538,193,-0.1879,0.0241,94.88,3206
2025,15,allen,-15.632,194,-0.0332,-0.1316,94.88,3206
2025,15,app state,-15.716,195,-0.0868,-0.0789,94.88,3206
2025,15,new mexico state,-15.778,196,-0.1537,-0.0126,94.88,3206
2025,15,buffalo,-15.964,197,-0.1331,-0.0351,94.88,3206
2025,15,coastal carolina,-16.15,198,-0.0971,-0.0731,94.88,3206
2025,15,arkansas state,-16.205,199,-0.0997,-0.0711,94.88,3206
2025,15,northern michigan,-16.416,200,-0.1006,-0.0724,94.88,3206
2025,15,louisiana,-16.435,201,-0.0897,-0.0835,94.88,3206
2025,15,east texas a and m,-16.457,202,-0.0677,-0.1058,94.88,3206
2025,15,kentucky state,-16.568,203,-0.0332,-0.1414,94.88,3206
2025,15,utep,-17.157,204,-0.1843,0.0034,94.88,3206
2025,15,nicholls,-17.23,205,-0.1234,-0.0582,94.88,3206
2025,15,northeastern state,-17.255,206,-0.0907,-0.0912,94.88,3206
2025,15,gardner webb,-17.264,207,-0.0758,-0.1061,94.88,3206
2025,15,erskine,-17.302,208,-0.0886,-0.0938,94.88,3206
2025,15,northern colorado,-17.477,209,-0.1163,-0.068,94.88,3206
2025,15,virginia state,-17.523,210,-0.1182,-0.0665,94.88,3206
2025,15,northern iowa,-17.695,211,-0.1057,-0.0808,94.88,3206
2025,15,holy cross,-17.779,212,-0.1755,-0.0119,94.88,3206
2025,15,bowling green,-17.941,213,-0.1578,-0.0313,94.88,3206
2025,15,lindenwood,-18.007,214,-0.0745,-0.1153,94.88,3206
2025,15,colgate,-18.043,215,-0.0423,-0.1479,94.88,3206
2025,15,akron,-18.146,216,-0.1174,-0.0739,94.88,3206
2025,15,alcorn state,-18.331,217,-0.1362,-0.057,94.88,3206
2025,15,rice,-18.528,218,-0.1336,-0.0617,94.88,3206
2025,15,eastern washington,-18.644,219,-0.1483,-0.0482,94.88,3206
2025,15,miles,-18.649,220,-0.1497,-0.0469,94.88,3206
2025,15,chattanooga,-18.659,221,-0.0695,-0.1272,94.88,3206
2025,15,mckendree,-18.842,222,-0.1101,-0.0885,94.88,3206
2025,15,mcneese,-18.997,223,-0.0963,-0.1039,94.88,3206
2025,15,fayetteville state,-19.005,224,-0.0988,-0.1015,94.88,3206
2025,15,marist,-19.024,225,-0.1748,-0.0257,94.88,3206
2025,15,lincoln pa,-19.1,226,-0.1193,-0.082,94.88,3206
2025,15,central state,-19.104,227,-0.195,-0.0064,94.88,3206
2025,15,kent state,-19.292,228,-0.1002,-0.1032,94.88,3206
2025,15,utah tech,-19.588,229,-0.1561,-0.0503,94.88,3206
2025,15,southeast missouri state,-19.8,230,-0.1373,-0.0714,94.88,3206
2025,15,norfolk state,-19.845,231,-0.0935,-0.1156,94.88,3206
2025,15,morgan state,-19.873,232,-0.1242,-0.0852,94.88,3206
2025,15,oklahoma state,-20.272,233,-0.1475,-0.0662,94.88,3206
2025,15,butler,-20.372,234,-0.0758,-0.1389,94.88,3206
2025,15,edward waters,-20.519,235,-0.1627,-0.0536,94.88,3206
2025,15,upper iowa,-20.582,236,-0.1199,-0.097,94.88,3206
2025,15,furman,-20.645,237,-0.1071,-0.1105,94.88,3206
2025,15,kentucky christian,-20.692,238,-0.0133,-0.2048,94.88,3206
2025,15,merrimack,-20.877,239,-0.1253,-0.0948,94.88,3206
2025,15,bethune cookman,-20.927,240,-0.052,-0.1685,94.88,3206
2025,15,william and mary,-20.946,241,-0.054,-0.1668,94.88,3206
2025,15,grambling,-20.989,242,-0.1741,-0.0471,94.88,3206
2025,15,american international,-21.041,243,-0.1601,-0.0617,94.88,3206
2025,15,howard,-21.071,244,-0.2012,-0.0209,94.88,3206
2025,15,campbell,-21.306,245,-0.1199,-0.1046,94.88,3206
2025,15,ut martin,-21.42,246,-0.0932,-0.1326,94.88,3206
2025,15,ualbany,-21.451,247,-0.1654,-0.0607,94.88,3206
2025,15,bryant,-21.473,248,-0.129,-0.0973,94.88,3206
2025,15,mercyhurst,-21.678,249,-0.103,-0.1255,94.88,3206
2025,15,hanover,-21.965,250,-0.1765,-0.055,94.88,3206
2025,15,northern illinois,-22.044,251,-0.1371,-0.0953,94.88,3206
2025,15,bucknell,-22.133,252,-0.0458,-0.1875,94.88,3206
2025,15,fordham,-22.59,253,-0.1916,-0.0465,94.88,3206
2025,15,charleston southern,-22.636,254,-0.1382,-0.1004,94.88,3206
2025,15,texas southern,-22.851,255,-0.1134,-0.1274,94.88,3206
2025,15,stonehill,-22.92,256,-0.1831,-0.0585,94.88,3206
2025,15,west liberty,-23.113,257,-0.1087,-0.1349,94.88,3206
2025,15,columbia,-24.012,258,-0.1576,-0.0955,94.88,3206
2025,15,bentley,-24.047,259,-0.1309,-0.1225,94.88,3206
2025,15,north alabama,-24.17,260,-0.1249,-0.1298,94.88,3206
2025,15,tuskegee,-24.176,261,-0.1227,-0.1321,94.88,3206
2025,15,indiana state,-24.276,262,-0.1263,-0.1296,94.88,3206
2025,15,weber state,-24.409,263,-0.1573,-0.1,94.88,3206
2025,15,thomas more,-24.509,264,-0.191,-0.0673,94.88,3206
2025,15,ball state,-24.722,265,-0.1821,-0.0784,94.88,3206
2025,15,southern,-25.038,266,-0.1349,-0.129,94.88,3206
2025,15,western oregon,-25.064,267,-0.1459,-0.1182,94.88,3206
2025,15,charlotte,-25.269,268,-0.1673,-0.099,94.88,3206
2025,15,lane college,-25.326,269,-0.2106,-0.0564,94.88,3206
2025,15,houston christian,-25.417,270,-0.2286,-0.0393,94.88,3206
2025,15,bluefield,-25.653,271,-0.1381,-0.1322,94.88,3206
2025,15,hampton,-25.672,272,-0.1151,-0.1555,94.88,3206
2025,15,valparaiso,-25.771,273,-0.1765,-0.0951,94.88,3206
2025,15,the citadel,-26.271,274,-0.1311,-0.1458,94.88,3206
2025,15,robert morris,-26.472,275,-0.1842,-0.0948,94.88,3206
2025,15,savannah state,-26.529,276,-0.206,-0.0736,94.88,3206
2025,15,sam houston,-26.973,277,-0.1474,-0.1369,94.88,3206
2025,15,greensboro,-27.017,278,-0.1639,-0.1208,94.88,3206
2025,15,morehead state,-27.205,279,-0.1011,-0.1857,94.88,3206
2025,15,samford,-27.462,280,-0.2137,-0.0758,94.88,3206
2025,15,saint francis,-27.523,281,-0.209,-0.0811,94.88,3206
2025,15,eastern illinois,-27.63,282,-0.1755,-0.1158,94.88,3206
2025,15,florida a and m,-28.236,283,-0.1115,-0.1861,94.88,3206
2025,15,georgetown,-28.598,284,-0.2031,-0.0983,94.88,3206
2025,15,warner,-28.871,285,-0.1299,-0.1743,94.88,3206
2025,15,alabama a and m,-29.54,286,-0.1612,-0.1502,94.88,3206
2025,15,louisiana christian,-29.79,287,-0.1462,-0.1678,94.88,3206
2025,15,western illinois,-29.872,288,-0.1383,-0.1766,94.88,3206
2025,15,murray state,-30.672,289,-0.1018,-0.2215,94.88,3206
2025,15,ferrum,-30.769,290,-0.2008,-0.1235,94.88,3206
2025,15,portland state,-30.909,291,-0.1613,-0.1645,94.88,3206
2025,15,tennessee state,-31.145,292,-0.2635,-0.0647,94.88,3206
2025,15,wagner,-32.054,293,-0.2502,-0.0877,94.88,3206
2025,15,morehouse,-33.396,294,-0.1325,-0.2195,94.88,3206
2025,15,arkansas pine bluff,-34.242,295,-0.1706,-0.1903,94.88,3206
2025,15,mississippi valley state,-35.315,296,-0.2167,-0.1556,94.88,3206
2025,15,massachusetts,-35.459,297,-0.2024,-0.1714,94.88,3206
2025,15,stetson,-36.005,298,-0.2005,-0.179,94.88,3206
2025,15,north carolina a and t,-36.02,299,-0.1925,-0.1872,94.88,3206
2025,15,arkansas baptist,-36.589,300,-0.2074,-0.1783,94.88,3206
2025,15,cumberland tn,-37.065,301,-0.2181,-0.1725,94.88,3206
2025,15,davidson,-37.693,302,-0.1352,-0.2621,94.88,3206
2025,15,vmi,-37.821,303,-0.2128,-0.1858,94.88,3206
2025,15,western connecticut state,-38.388,304,-0.2146,-0.19,94.88,3206
2025,15,southern connecticut state,-39.659,305,-0.1196,-0.2985,94.88,3206
2025,15,virginia lynchburg,-40.783,306,-0.2516,-0.1783,94.88,3206
2025,15,northwestern state,-47.513,307,-0.2459,-0.2549,94.88,3206
2025,15,langston,-47.747,308,-0.2656,-0.2376,94.88,3206
2025,15,sul ross state,-50.516,309,-0.2881,-0.2444,94.88,3206
2025,15,lincoln ca,-63.55,310,-0.357,-0.3128,94.88,3206
2025,16,ohio state,33.42,1,0.176,0.1761,94.92,3216
2025,16,indiana,32.938,2,0.2076,0.1394,94.92,3216
2025,16,oregon,32.449,3,0.1849,0.157,94.92,3216
2025,16,notre dame,26.571,4,0.1463,0.1336,94.92,3216
2025,16,texas tech,24.525,5,0.08,0.1784,94.92,3216
2025,16,miami,23.778,6,0.0964,0.1541,94.92,3216
2025,16,utah,22.222,7,0.1576,0.0766,94.92,3216
2025,16,vanderbilt,21.629,8,0.2371,-0.0092,94.92,3216
2025,16,alabama,21.377,9,0.1057,0.1195,94.92,3216
2025,16,georgia,20.409,10,0.0927,0.1223,94.92,3216
2025,16,north dakota state,19.885,11,0.1135,0.0961,94.92,3216
2025,16,washington,19.797,12,0.1284,0.0802,94.92,3216
2025,16,oklahoma,19.633,13,-0.0033,0.2101,94.92,3216
2025,16,ole miss,19.365,14,0.1473,0.0568,94.92,3216
2025,16,missouri,18.608,15,0.06,0.136,94.92,3216
2025,16,texas a and m,18.354,16,0.1171,0.0763,94.92,3216
2025,16,south florida,17.916,17,0.1279,0.0608,94.92,3216
2025,16,usc,17.356,18,0.1769,0.0059,94.92,3216
2025,16,byu,16.661,19,0.0722,0.1033,94.92,3216
2025,16,tennessee,15.554,20,0.1567,0.0072,94.92,3216
2025,16,penn state,15.344,21,0.1006,0.061,94.92,3216
2025,16,james madison,15.032,22,0.0194,0.139,94.92,3216
2025,16,florida state,15.028,23,0.1376,0.0207,94.92,3216
2025,16,old dominion,14.723,24,0.0529,0.1022,94.92,3216
2025,16,auburn,14.629,25,0.0334,0.1207,94.92,3216
2025,16,north texas,14.501,26,0.1785,-0.0257,94.92,3216
2025,16,toledo,14.179,27,0.0212,0.1282,94.92,3216
2025,16,montana state,14.078,28,0.1291,0.0192,94.92,3216
2025,16,smu,14.01,29,0.0668,0.0808,94.92,3216
2025,16,michigan,11.594,30,0.0559,0.0662,94.92,3216
2025,16,texas,11.447,31,0.0244,0.0962,94.92,3216
2025,16,louisville,10.561,32,0.0315,0.0797,94.92,3216
2025,16,iowa,9.806,33,-0.0145,0.1178,94.92,3216
2025,16,arkansas,9.293,34,0.1563,-0.0584,94.92,3216
2025,16,east carolina,9.122,35,0.0314,0.0647,94.92,3216
2025,16,arizona,8.906,36,0.0098,0.084,94.92,3216
2025,16,cincinnati,8.876,37,0.1303,-0.0368,94.92,3216
2025,16,iowa state,8.185,38,0.0351,0.0512,94.92,3216
2025,16,wake forest,7.75,39,-0.0453,0.1269,94.92,3216
2025,16,pittsburgh,7.352,40,0.0012,0.0762,94.92,3216
2025,16,lsu,7.326,41,-0.0448,0.122,94.92,3216
2025,16,boise state,7.144,42,0.0082,0.067,94.92,3216
2025,16,florida,6.816,43,0.0274,0.0444,94.92,3216
2025,16,nc state,6.721,44,0.0811,-0.0103,94.92,3216
2025,16,georgia tech,6.715,45,0.0986,-0.0278,94.92,3216
2025,16,kansas state,6.436,46,0.037,0.0308,94.92,3216
2025,16,tcu,6.09,47,0.0481,0.016,94.92,3216
2025,16,virginia,5.429,48,-0.0166,0.0738,94.92,3216
2025,16,memphis,5.384,49,0.0625,-0.0057,94.92,3216
2025,16,san diego state,5.373,50,-0.0611,0.1177,94.92,3216
2025,16,clemson,5.17,51,0.0127,0.0418,94.92,3216
2025,16,south carolina,5.142,52,-0.018,0.0722,94.92,3216
2025,16,tarleton state,5.071,53,0.0421,0.0113,94.92,3216
2025,16,lehigh,4.871,54,0.0248,0.0265,94.92,3216
2025,16,presbyterian,4.42,55,0.0093,0.0372,94.92,3216
2025,16,north dakota,4.414,56,-0.0483,0.0948,94.92,3216
2025,16,mississippi state,4.301,57,0.0413,0.004,94.92,3216
2025,16,navy,4.147,58,0.0842,-0.0405,94.92,3216
2025,16,baylor,4.04,59,0.0623,-0.0197,94.92,3216
2025,16,kansas,3.869,60,0.093,-0.0522,94.92,3216
2025,16,tulane,3.807,61,0.0264,0.0137,94.92,3216
2025,16,illinois,3.803,62,0.0436,-0.0036,94.92,3216
2025,16,mercer,3.655,63,0.0547,-0.0162,94.92,3216
2025,16,stephen f austin,3.415,64,-0.0333,0.0693,94.92,3216
2025,16,arizona state,3.223,65,-0.0228,0.0568,94.92,3216
2025,16,harvard,2.565,66,0.0628,-0.0358,94.92,3216
2025,16,texas state,2.267,67,0.1038,-0.0799,94.92,3216
2025,16,jackson state,2.019,68,0.0273,-0.0061,94.92,3216
2025,16,villanova,1.993,69,0.0187,0.0023,94.92,3216
2025,16,utsa,1.568,70,0.0123,0.0042,94.92,3216
2025,16,montana,1.484,71,0.067,-0.0513,94.92,3216
2025,16,kentucky,1.384,72,-0.0115,0.026,94.92,3216
2025,16,duke,1.327,73,0.0886,-0.0746,94.92,3216
2025,16,austin peay,1.303,74,0.0425,-0.0288,94.92,3216
2025,16,alabama state,1.122,75,0.1364,-0.1245,94.92,3216
2025,16,unlv,1.016,76,0.1077,-0.097,94.92,3216
2025,16,southern illinois,1.001,77,0.0899,-0.0793,94.92,3216
2025,16,rhode island,0.959,78,0.0396,-0.0295,94.92,3216
2025,16,monmouth,0.841,79,0.0979,-0.0891,94.92,3216
2025,16,washington state,0.762,80,-0.0292,0.0372,94.92,3216
2025,16,ut rio grande valley,0.473,81,0.0421,-0.0371,94.92,3216
2025,16,new mexico,0.456,82,-0.0135,0.0183,94.92,3216
2025,16,south dakota state,0.339,83,-0.0419,0.0454,94.92,3216
2025,16,nebraska,-0.033,84,0.0239,-0.0243,94.92,3216
2025,16,prairie view a and m,-0.29,85,-0.0276,0.0245,94.92,3216
2025,16,houston,-0.742,86,-0.0344,0.0266,94.92,3216
2025,16,tennessee tech,-0.804,87,-0.0088,0.0004,94.92,3216
2025,16,ucf,-1.218,88,-0.0278,0.015,94.92,3216
2025,16,uc davis,-1.288,89,0.0718,-0.0854,94.92,3216
2025,16,utah state,-1.511,90,0.0091,-0.025,94.92,3216
2025,16,se louisiana,-1.863,91,-0.0354,0.0158,94.92,3216
2025,16,uconn,-1.905,92,0.053,-0.0731,94.92,3216
2025,16,western kentucky,-2.022,93,-0.0169,-0.0044,94.92,3216
2025,16,yale,-2.299,94,-0.0376,0.0134,94.92,3216
2025,16,michigan state,-2.519,95,-0.0136,-0.0129,94.92,3216
2025,16,dartmouth,-2.52,96,0.0239,-0.0504,94.92,3216
2025,16,virginia tech,-2.553,97,0.0322,-0.0591,94.92,3216
2025,16,south carolina state,-2.782,98,-0.0291,-0.0002,94.92,3216
2025,16,south dakota,-3.016,99,0.043,-0.0748,94.92,3216
2025,16,youngstown state,-3.032,100,0.1001,-0.132,94.92,3216
2025,16,southern utah,-3.142,101,0.0719,-0.105,94.92,3216
2025,16,marshall,-3.399,102,-0.0251,-0.0107,94.92,3216
2025,16,northwestern,-3.666,103,-0.0195,-0.0191,94.92,3216
2025,16,louisiana tech,-3.671,104,-0.0529,0.0142,94.92,3216
2025,16,idaho state,-4.353,105,0.0061,-0.052,94.92,3216
2025,16,fresno state,-4.471,106,-0.0796,0.0325,94.92,3216
2025,16,abilene christian,-4.523,107,-0.0072,-0.0405,94.92,3216
2025,16,western michigan,-4.524,108,-0.0884,0.0407,94.92,3216
2025,16,north carolina central,-4.536,109,-0.0235,-0.0243,94.92,3216
2025,16,state thomas mn,-4.628,110,-0.0287,-0.0201,94.92,3216
2025,16,sacramento state,-5.005,111,0.0011,-0.0539,94.92,3216
2025,16,illinois state,-5.06,112,-0.0318,-0.0215,94.92,3216
2025,16,west georgia,-5.077,113,-0.0812,0.0277,94.92,3216
2025,16,delaware state,-5.218,114,0.0051,-0.06,94.92,3216
2025,16,boston college,-5.221,115,0.0103,-0.0653,94.92,3216
2025,16,rutgers,-5.291,116,0.063,-0.1188,94.92,3216
2025,16,ohio,-5.563,117,-0.0026,-0.056,94.92,3216
2025,16,california,-5.583,118,-0.0575,-0.0013,94.92,3216
2025,16,kennesaw state,-5.627,119,-0.0032,-0.0561,94.92,3216
2025,16,wisconsin,-5.754,120,-0.0755,0.0149,94.92,3216
2025,16,maryland,-5.855,121,-0.0729,0.0112,94.92,3216
2025,16,ucla,-5.969,122,-0.0163,-0.0466,94.92,3216
2025,16,san jose state,-6.018,123,0.0131,-0.0765,94.92,3216
2025,16,west virginia,-6.181,124,-0.0763,0.0112,94.92,3216
2025,16,central michigan,-6.317,125,-0.0567,-0.0099,94.92,3216
2025,16,florida international,-6.356,126,-0.0492,-0.0178,94.92,3216
2025,16,idaho,-6.863,127,-0.0158,-0.0565,94.92,3216
2025,16,army,-6.96,128,-0.0616,-0.0117,94.92,3216
2025,16,miami oh,-7.003,129,-0.0875,0.0138,94.92,3216
2025,16,stanford,-7.014,130,-0.0697,-0.0042,94.92,3216
2025,16,southern miss,-7.26,131,-0.0536,-0.0229,94.92,3216
2025,16,drake,-7.485,132,-0.0366,-0.0423,94.92,3216
2025,16,liberty,-7.541,133,-0.0118,-0.0677,94.92,3216
2025,16,minnesota,-7.595,134,-0.0671,-0.013,94.92,3216
2025,16,florida atlantic,-7.957,135,-0.0217,-0.0621,94.92,3216
2025,16,purdue,-8.04,136,-0.0236,-0.0611,94.92,3216
2025,16,dayton,-8.097,137,-0.0787,-0.0066,94.92,3216
2025,16,jacksonville state,-8.206,138,-0.0156,-0.0709,94.92,3216
2025,16,western carolina,-8.243,139,0.0346,-0.1214,94.92,3216
2025,16,colorado,-8.374,140,-0.0555,-0.0327,94.92,3216
2025,16,tulsa,-8.562,141,-0.0673,-0.0229,94.92,3216
2025,16,hawaii,-8.738,142,-0.0563,-0.0357,94.92,3216
2025,16,adrian,-8.889,143,-0.0858,-0.0079,94.92,3216
2025,16,north carolina,-8.894,144,-0.081,-0.0127,94.92,3216
2025,16,oregon state,-8.954,145,-0.0634,-0.0309,94.92,3216
2025,16,troy,-8.978,146,-0.089,-0.0056,94.92,3216
2025,16,pennsylvania,-8.99,147,0.0265,-0.1212,94.92,3216
2025,16,wyoming,-9.096,148,-0.1411,0.0453,94.92,3216
2025,16,temple,-9.438,149,-0.0083,-0.0911,94.92,3216
2025,16,delaware,-10.172,150,0.0004,-0.1075,94.92,3216
2025,16,saginaw valley state,-10.333,151,-0.0469,-0.0619,94.92,3216
2025,16,bowie state,-10.401,152,-0.0664,-0.0432,94.92,3216
2025,16,maine,-10.606,153,-0.0867,-0.0251,94.92,3216
2025,16,elon,-10.751,154,-0.0931,-0.0201,94.92,3216
2025,16,cornell,-11.042,155,-0.1013,-0.015,94.92,3216
2025,16,new haven,-11.126,156,-0.0798,-0.0374,94.92,3216
2025,16,duquesne,-11.405,157,-0.0256,-0.0946,94.92,3216
2025,16,south alabama,-11.424,158,-0.0388,-0.0815,94.92,3216
2025,16,northern arizona,-11.451,159,-0.0004,-0.1202,94.92,3216
2025,16,incarnate word,-11.458,160,-0.0893,-0.0314,94.92,3216
2025,16,chadron state,-11.527,161,-0.0769,-0.0446,94.92,3216
2025,16,missouri state,-11.695,162,-0.0239,-0.0993,94.92,3216
2025,16,east tennessee state,-11.775,163,-0.0546,-0.0695,94.92,3216
2025,16,sacred heart,-11.953,164,0.0159,-0.1418,94.92,3216
2025,16,colorado state,-12.052,165,-0.0379,-0.0891,94.92,3216
2025,16,uab,-12.291,166,-0.0079,-0.1216,94.92,3216
2025,16,long island university,-12.388,167,-0.1666,0.0361,94.92,3216
2025,16,lamar,-12.701,168,-0.1618,0.028,94.92,3216
2025,16,san diego,-12.768,169,-0.0873,-0.0473,94.92,3216
2025,16,eastern michigan,-13.151,170,-0.0025,-0.1361,94.92,3216
2025,16,elizabeth city state,-13.356,171,-0.0567,-0.084,94.92,3216
2025,16,texas wesleyan,-13.488,172,-0.1089,-0.0333,94.92,3216
2025,16,air force,-13.519,173,0.0683,-0.2107,94.92,3216
2025,16,pace,-13.539,174,-0.0802,-0.0624,94.92,3216
2025,16,webber international,-13.582,175,-0.1197,-0.0234,94.92,3216
2025,16,new hampshire,-13.587,176,-0.0589,-0.0842,94.92,3216
2025,16,stony brook,-13.684,177,-0.1023,-0.0419,94.92,3216
2025,16,middle tennessee,-13.988,178,-0.0528,-0.0945,94.92,3216
2025,16,cal poly,-13.995,179,-0.0857,-0.0617,94.92,3216
2025,16,georgia state,-14.195,180,-0.0543,-0.0952,94.92,3216
2025,16,syracuse,-14.238,181,-0.0879,-0.0622,94.92,3216
2025,16,georgia southern,-14.369,182,0.0053,-0.1567,94.92,3216
2025,16,nevada,-14.399,183,-0.1151,-0.0366,94.92,3216
2025,16,ul monroe,-14.429,184,-0.0959,-0.0561,94.92,3216
2025,16,towson,-14.552,185,-0.0619,-0.0914,94.92,3216
2025,16,eastern kentucky,-14.848,186,-0.1484,-0.008,94.92,3216
2025,16,brown,-15.052,187,-0.067,-0.0916,94.92,3216
2025,16,richmond,-15.368,188,-0.1356,-0.0263,94.92,3216
2025,16,lafayette,-15.403,189,-0.027,-0.1353,94.92,3216
2025,16,central arkansas,-15.419,190,-0.0479,-0.1145,94.92,3216
2025,16,princeton,-15.434,191,-0.0989,-0.0637,94.92,3216
2025,16,central connecticut,-15.47,192,-0.0846,-0.0784,94.92,3216
2025,16,wofford,-15.559,193,-0.1879,0.024,94.92,3216
2025,16,allen,-15.601,194,-0.0326,-0.1318,94.92,3216
2025,16,app state,-15.721,195,-0.0867,-0.0789,94.92,3216
2025,16,new mexico state,-15.783,196,-0.1537,-0.0126,94.92,3216
2025,16,buffalo,-15.959,197,-0.1329,-0.0352,94.92,3216
2025,16,coastal carolina,-16.152,198,-0.097,-0.0732,94.92,3216
2025,16,arkansas state,-16.207,199,-0.0996,-0.0712,94.92,3216
2025,16,east texas a and m,-16.399,200,-0.0674,-0.1054,94.92,3216
2025,16,northern michigan,-16.421,201,-0.1005,-0.0725,94.92,3216
2025,16,louisiana,-16.438,202,-0.0896,-0.0836,94.92,3216
2025,16,kentucky state,-16.592,203,-0.0332,-0.1416,94.92,3216
2025,16,utep,-17.154,204,-0.1841,0.0034,94.92,3216
2025,16,gardner webb,-17.224,205,-0.0755,-0.106,94.92,3216
2025,16,nicholls,-17.225,206,-0.1234,-0.058,94.92,3216
2025,16,erskine,-17.325,207,-0.0886,-0.0939,94.92,3216
2025,16,northeastern state,-17.327,208,-0.0908,-0.0918,94.92,3216
2025,16,virginia state,-17.522,209,-0.118,-0.0666,94.92,3216
2025,16,northern iowa,-17.539,210,-0.1053,-0.0795,94.92,3216
2025,16,holy cross,-17.743,211,-0.1752,-0.0117,94.92,3216
2025,16,bowling green,-17.941,212,-0.1577,-0.0313,94.92,3216
2025,16,lindenwood,-17.958,213,-0.0742,-0.115,94.92,3216
2025,16,colgate,-17.984,214,-0.0419,-0.1476,94.92,3216
2025,16,northern colorado,-18.018,215,-0.1199,-0.0699,94.92,3216
2025,16,akron,-18.147,216,-0.1174,-0.0738,94.92,3216
2025,16,alcorn state,-18.363,217,-0.1363,-0.0572,94.92,3216
2025,16,rice,-18.493,218,-0.1327,-0.0621,94.92,3216
2025,16,miles,-18.663,219,-0.1496,-0.047,94.92,3216
2025,16,mckendree,-18.755,220,-0.1093,-0.0883,94.92,3216
2025,16,eastern washington,-18.778,221,-0.1488,-0.049,94.92,3216
2025,16,chattanooga,-18.825,222,-0.0699,-0.1284,94.92,3216
2025,16,mcneese,-18.962,223,-0.0961,-0.1037,94.92,3216
2025,16,fayetteville state,-19.015,224,-0.0987,-0.1016,94.92,3216
2025,16,marist,-19.034,225,-0.1746,-0.0259,94.92,3216
2025,16,central state,-19.113,226,-0.1949,-0.0065,94.92,3216
2025,16,lincoln pa,-19.118,227,-0.1193,-0.0821,94.92,3216
2025,16,kent state,-19.28,228,-0.0999,-0.1032,94.92,3216
2025,16,southeast missouri state,-19.728,229,-0.1366,-0.0713,94.92,3216
2025,16,norfolk state,-19.784,230,-0.0932,-0.1153,94.92,3216
2025,16,morgan state,-19.84,231,-0.1239,-0.0851,94.92,3216
2025,16,utah tech,-20.181,232,-0.1595,-0.0531,94.92,3216
2025,16,oklahoma state,-20.294,233,-0.1475,-0.0663,94.92,3216
2025,16,butler,-20.415,234,-0.0758,-0.1393,94.92,3216
2025,16,edward waters,-20.552,235,-0.1627,-0.0538,94.92,3216
2025,16,upper iowa,-20.65,236,-0.1202,-0.0974,94.92,3216
2025,16,furman,-20.654,237,-0.107,-0.1106,94.92,3216
2025,16,kentucky christian,-20.663,238,-0.0127,-0.205,94.92,3216
2025,16,william and mary,-20.733,239,-0.0524,-0.1661,94.92,3216
2025,16,merrimack,-20.818,240,-0.1249,-0.0944,94.92,3216
2025,16,bethune cookman,-20.961,241,-0.0521,-0.1687,94.92,3216
2025,16,grambling,-21.004,242,-0.174,-0.0473,94.92,3216
2025,16,howard,-21.031,243,-0.2011,-0.0205,94.92,3216
2025,16,american international,-21.058,244,-0.1601,-0.0618,94.92,3216
2025,16,campbell,-21.236,245,-0.1195,-0.1042,94.92,3216
2025,16,ualbany,-21.239,246,-0.1637,-0.0601,94.92,3216
2025,16,ut martin,-21.37,247,-0.0927,-0.1324,94.92,3216
2025,16,bryant,-21.397,248,-0.1286,-0.0969,94.92,3216
2025,16,mercyhurst,-21.738,249,-0.1033,-0.1257,94.92,3216
2025,16,hanover,-21.976,250,-0.1765,-0.0551,94.92,3216
2025,16,northern illinois,-22.045,251,-0.1369,-0.0953,94.92,3216
2025,16,bucknell,-22.105,252,-0.0457,-0.1872,94.92,3216
2025,16,fordham,-22.531,253,-0.1912,-0.0462,94.92,3216
2025,16,charleston southern,-22.583,254,-0.1377,-0.1002,94.92,3216
2025,16,texas southern,-22.887,255,-0.1135,-0.1277,94.92,3216
2025,16,stonehill,-22.903,256,-0.1828,-0.0585,94.92,3216
2025,16,west liberty,-23.137,257,-0.1087,-0.1351,94.92,3216
2025,16,indiana state,-23.955,258,-0.1251,-0.1273,94.92,3216
2025,16,columbia,-23.969,259,-0.1573,-0.0952,94.92,3216
2025,16,bentley,-24.044,260,-0.1307,-0.1226,94.92,3216
2025,16,tuskegee,-24.214,261,-0.1227,-0.1324,94.92,3216
2025,16,north alabama,-24.328,262,-0.1261,-0.1302,94.92,3216
2025,16,thomas more,-24.482,263,-0.1906,-0.0673,94.92,3216
2025,16,ball state,-24.716,264,-0.182,-0.0784,94.92,3216
2025,16,weber state,-24.762,265,-0.16,-0.1009,94.92,3216
2025,16,southern,-25.072,266,-0.1349,-0.1292,94.92,3216
2025,16,western oregon,-25.197,267,-0.1461,-0.1194,94.92,3216
2025,16,charlotte,-25.316,268,-0.167,-0.0997,94.92,3216
2025,16,lane college,-25.358,269,-0.2106,-0.0566,94.92,3216
2025,16,houston christian,-25.42,270,-0.2286,-0.0392,94.92,3216
2025,16,hampton,-25.478,271,-0.1134,-0.155,94.92,3216
2025,16,bluefield,-25.679,272,-0.1382,-0.1324,94.92,3216
2025,16,valparaiso,-25.791,273,-0.1765,-0.0952,94.92,3216
2025,16,the citadel,-26.265,274,-0.1309,-0.1458,94.92,3216
2025,16,robert morris,-26.482,275,-0.1841,-0.0949,94.92,3216
2025,16,savannah state,-26.546,276,-0.206,-0.0737,94.92,3216
2025,16,sam houston,-27.006,277,-0.1474,-0.1371,94.92,3216
2025,16,greensboro,-27.04,278,-0.1639,-0.121,94.92,3216
2025,16,morehead state,-27.057,279,-0.101,-0.1841,94.92,3216
2025,16,eastern illinois,-27.395,280,-0.1749,-0.1137,94.92,3216
2025,16,saint francis,-27.528,281,-0.2088,-0.0812,94.92,3216
2025,16,samford,-27.554,282,-0.2141,-0.0762,94.92,3216
2025,16,florida a and m,-28.268,283,-0.1116,-0.1862,94.92,3216
2025,16,georgetown,-28.564,284,-0.2028,-0.0981,94.92,3216
2025,16,warner,-28.897,285,-0.1299,-0.1745,94.92,3216
2025,16,alabama a and m,-29.572,286,-0.1612,-0.1503,94.92,3216
2025,16,louisiana christian,-29.803,287,-0.1461,-0.1679,94.92,3216
2025,16,western illinois,-29.849,288,-0.138,-0.1765,94.92,3216
2025,16,murray state,-30.471,289,-0.1012,-0.2199,94.92,3216
2025,16,ferrum,-30.793,290,-0.2011,-0.1233,94.92,3216
2025,16,tennessee state,-31.064,291,-0.2628,-0.0645,94.92,3216
2025,16,portland state,-31.165,292,-0.1618,-0.1666,94.92,3216
2025,16,wagner,-32.06,293,-0.25,-0.0877,94.92,3216
2025,16,morehouse,-33.396,294,-0.1323,-0.2195,94.92,3216
2025,16,arkansas pine bluff,-34.313,295,-0.1708,-0.1907,94.92,3216
2025,16,massachusetts,-35.462,296,-0.2023,-0.1713,94.92,3216
2025,16,mississippi valley state,-35.491,297,-0.2169,-0.157,94.92,3216
2025,16,north carolina a and t,-35.919,298,-0.192,-0.1865,94.92,3216
2025,16,stetson,-36.016,299,-0.2004,-0.1791,94.92,3216
2025,16,arkansas baptist,-36.617,300,-0.2073,-0.1785,94.92,3216
2025,16,cumberland tn,-37.077,301,-0.218,-0.1726,94.92,3216
2025,16,davidson,-37.699,302,-0.1351,-0.2621,94.92,3216
2025,16,vmi,-37.823,303,-0.2118,-0.1867,94.92,3216
2025,16,western connecticut state,-38.402,304,-0.2145,-0.1901,94.92,3216
2025,16,southern connecticut state,-39.668,305,-0.1194,-0.2985,94.92,3216
2025,16,virginia lynchburg,-40.759,306,-0.2514,-0.1781,94.92,3216
2025,16,northwestern state,-47.479,307,-0.2456,-0.2546,94.92,3216
2025,16,langston,-47.757,308,-0.2655,-0.2377,94.92,3216
2025,16,sul ross state,-50.406,309,-0.2882,-0.2429,94.92,3216
2025,16,lincoln ca,-63.691,310,-0.3574,-0.3137,94.92,3216
